model,eval_set,f1_macro_all,f1_macro_measurable,accuracy,pred_no_counterpart,f1__Benign,f1__DDoS,f1__DoS,f1__Brute Force,f1__Bot,f1__Infiltration,f1__Web Attack,n__Benign,n__DDoS,n__DoS,n__Brute Force,n__Bot,n__Infiltration,n__Web Attack
lightgbm,temporal_test_90k,0.2298,0.2681,0.8467,2569,0.9265,0.3805,0.0361,0.2654,0.0,0.0,0.0,74769,7009,3629,2112,1587,898,7
lightgbm,all_300k,0.2292,0.2292,0.8482,7579,0.9271,0.3701,0.0371,0.27,0.0,0.0,0.0,249215,23357,12091,7039,5289,2992,17
xgboost,temporal_test_90k,0.1919,0.2238,0.834,2088,0.9195,0.0009,0.0325,0.3902,0.0,0.0,0.0,74769,7009,3629,2112,1587,898,7
xgboost,all_300k,0.1925,0.1925,0.8353,6617,0.9202,0.0013,0.0328,0.393,0.0,0.0,0.0,249215,23357,12091,7039,5289,2992,17
catboost,temporal_test_90k,0.2119,0.2472,0.8456,139,0.9155,0.258,0.0761,0.0168,0.2169,0.0,0.0,74769,7009,3629,2112,1587,898,7
catboost,all_300k,0.2148,0.2148,0.8457,462,0.9156,0.2545,0.0809,0.0137,0.2387,0.0,0.0,249215,23357,12091,7039,5289,2992,17
random_forest,temporal_test_90k,0.1348,0.1572,0.831,0,0.9076,0.0,0.0338,0.0019,0.0,0.0,0.0,74769,7009,3629,2112,1587,898,7
random_forest,all_300k,0.1346,0.1346,0.8311,0,0.9077,0.0,0.0334,0.0014,0.0,0.0,0.0,249215,23357,12091,7039,5289,2992,17
mlp,temporal_test_90k,0.1676,0.1955,0.815,3632,0.9127,0.0028,0.0565,0.2008,0.0,0.0,0.0,74769,7009,3629,2112,1587,898,7
mlp,all_300k,0.1691,0.1691,0.8169,11265,0.9134,0.004,0.0634,0.2026,0.0,0.0,0.0,249215,23357,12091,7039,5289,2992,17
logistic_regression,temporal_test_90k,0.1673,0.195,0.7162,3002,0.8704,0.0024,0.0431,0.2394,0.0,0.015,0.0011,74769,7009,3629,2112,1587,898,7
logistic_regression,all_300k,0.1669,0.1669,0.7186,8694,0.8712,0.0033,0.0419,0.2407,0.0,0.0111,0.0003,249215,23357,12091,7039,5289,2992,17
stacking,temporal_test_90k,0.2428,0.2833,0.8482,265,0.9226,0.0,0.0335,0.7359,0.0,0.0075,0.0,74769,7009,3629,2112,1587,898,7
stacking,all_300k,0.242,0.242,0.8484,911,0.923,0.0,0.0352,0.7283,0.0,0.0073,0.0,249215,23357,12091,7039,5289,2992,17
