model,variant,f1_macro_all,f1_macro_measurable,accuracy,f1__Benign,f1__DDoS,f1__DoS,f1__Brute Force,f1__Bot,f1__Infiltration,f1__Web Attack
lightgbm,free_9class,0.2298,0.2681,0.8467,0.9265,0.3805,0.0361,0.2654,0.0,0.0,0.0
lightgbm,restricted_7class,0.2287,0.2668,0.8527,0.9185,0.3805,0.0361,0.2654,0.0,0.0,0.0
xgboost,free_9class,0.1919,0.2238,0.834,0.9195,0.0009,0.0325,0.3902,0.0,0.0,0.0
xgboost,restricted_7class,0.1905,0.2223,0.8363,0.9102,0.0009,0.0325,0.3902,0.0,0.0,0.0
catboost,free_9class,0.2119,0.2472,0.8456,0.9155,0.258,0.0761,0.0168,0.2169,0.0,0.0
catboost,restricted_7class,0.2179,0.2542,0.8464,0.9157,0.258,0.0761,0.0585,0.2169,0.0,0.0
random_forest,free_9class,0.1348,0.1572,0.831,0.9076,0.0,0.0338,0.0019,0.0,0.0,0.0
random_forest,restricted_7class,0.1348,0.1572,0.831,0.9076,0.0,0.0338,0.0019,0.0,0.0,0.0
mlp,free_9class,0.1676,0.1955,0.815,0.9127,0.0028,0.0565,0.2008,0.0,0.0,0.0
mlp,restricted_7class,0.1673,0.1952,0.8322,0.9113,0.0028,0.0565,0.2007,0.0,0.0,0.0
logistic_regression,free_9class,0.1673,0.195,0.7162,0.8704,0.0024,0.0431,0.2394,0.0,0.015,0.0011
logistic_regression,restricted_7class,0.1697,0.1978,0.7209,0.8723,0.0024,0.0431,0.2543,0.0,0.0149,0.0009
stacking,free_9class,0.2428,0.2832,0.8482,0.9226,0.0,0.0335,0.7359,0.0,0.0075,0.0
stacking,restricted_7class,0.2509,0.2928,0.8509,0.9226,0.0,0.0335,0.793,0.0,0.0075,0.0
