condition,model,seconds,f1_macro_all,f1_macro_measurable,accuracy,f1__Benign,f1__DDoS,f1__DoS,f1__Brute Force,f1__Bot,f1__Infiltration,f1__Web Attack
C7_train_on_7,lightgbm,37.5,0.8149,0.8296,0.9833,0.9934,0.9999,0.9278,0.8858,0.9987,0.1717,0.7273
C7_train_on_7,xgboost,22.6,0.7721,0.8267,0.983,0.9932,0.9996,0.9278,0.8858,0.9981,0.156,0.4444
C7_train_on_7,catboost,569.0,0.7957,0.8284,0.9833,0.9933,0.9996,0.9274,0.8868,0.9997,0.1633,0.6
C7_train_on_7,random_forest,67.5,0.7889,0.8294,0.9822,0.9927,0.9992,0.9276,0.887,0.9975,0.1726,0.5455
C7_train_on_7,mlp,40.9,0.73,0.81,0.9832,0.9933,0.9972,0.9244,0.8882,0.9959,0.0611,0.25
C7_train_on_7,logistic_regression,48.8,0.6622,0.7309,0.9686,0.985,0.9768,0.9161,0.8702,0.6226,0.0148,0.25
C7_train_on_7,stacking,159.6,0.6868,0.8012,0.9837,0.9935,0.9954,0.9296,0.8904,0.9984,0.0,0.0
C15_train_on_15,lightgbm,69.2,0.7465,0.8293,0.9831,0.9932,0.9997,0.9269,0.886,0.9994,0.1703,0.25
C15_train_on_15,xgboost,42.4,0.7463,0.829,0.9832,0.9932,0.9998,0.9291,0.8904,0.9981,0.1636,0.25
C15_train_on_15,catboost,1380.1,0.7954,0.8279,0.9834,0.9933,0.9996,0.9289,0.891,0.9997,0.1549,0.6
C15_train_on_15,random_forest,63.3,0.7895,0.8302,0.9821,0.9926,0.9986,0.9271,0.887,0.9975,0.1782,0.5455
C15_train_on_15,mlp,41.3,0.7216,0.8002,0.9831,0.9934,0.9973,0.9197,0.8824,0.9975,0.0109,0.25
C15_train_on_15,logistic_regression,128.3,0.6562,0.7239,0.9671,0.9842,0.9794,0.9156,0.8704,0.579,0.0148,0.25
C15_train_on_15,stacking,202.6,0.6866,0.801,0.9841,0.9938,0.9997,0.9257,0.887,0.9997,0.0,0.0
