bundle,model,accuracy,balanced_accuracy,precision_macro,recall_macro,f1_macro,precision_weighted,recall_weighted,f1_weighted,train_seconds,predict_seconds
300k,stacking,0.9838888888888888,0.680616874478616,0.7202808106056164,0.680616874478616,0.6885772888072179,0.979881371448817,0.9838888888888888,0.9801394950994872,189.86067940000063,3.0077037999981258
300k,xgboost,0.9837333333333332,0.6795671116002029,0.7149606568927475,0.6795671116002029,0.6854007519658787,0.9788335455324688,0.9837333333333332,0.9795350608459434,46.74169690000053,1.148880000000645
300k,lightgbm,0.9837222222222224,0.6797195045994957,0.7173753158364408,0.6797195045994957,0.6870131222214517,0.9793770077103048,0.9837222222222224,0.979853916527008,53.39442830000189,3.527119099999254
300k,catboost,0.9835555555555556,0.6711973308643124,0.713241859194316,0.6711973308643124,0.676346100881173,0.977951178764309,0.9835555555555556,0.9784529633429996,23.316959700001465,0.1138301999999384
300k,random_forest,0.9828444444444444,0.6850479358329876,0.7171497832910289,0.6850479358329876,0.6868732044753926,0.9786243663281028,0.9828444444444444,0.9786042329840028,32.516257100000075,0.9477976000016496
300k,mlp,0.9816444444444444,0.6727486546007128,0.6742249567591629,0.6727486546007128,0.6698016152185886,0.9717997673317412,0.9816444444444444,0.9764452659555598,112.10982759999752,0.0608545999966736
300k,logistic_regression,0.9650777777777778,0.6219875082251181,0.6598681218506464,0.6219875082251181,0.6296036187024677,0.9569497994689672,0.9650777777777778,0.9591751303793156,50.89159409999775,0.0118723000014142
300k_balanced_weighting,lightgbm,0.9525777777777776,0.7168961960650732,0.6964788165193231,0.7168961960650732,0.695252830164805,0.9778154229386212,0.9525777777777776,0.96392298646578,26.14225559999977,3.262841200001276
300k_balanced_weighting,random_forest,0.9662444444444444,0.7047432153587411,0.6952955137295992,0.7047432153587411,0.6858264434775712,0.9777073163748256,0.9662444444444444,0.9696889076379388,20.212169400001585,0.8763003999993089
300k_balanced_weighting,xgboost,0.9157666666666666,0.6981589934679904,0.6784225304542554,0.6981589934679904,0.6763178179410251,0.9780943656896196,0.9157666666666666,0.9437947853871624,28.480535400001827,0.6716825000003155
300k_balanced_weighting,mlp,0.9816444444444444,0.6727486546007128,0.6742249567591629,0.6727486546007128,0.6698016152185886,0.9717997673317412,0.9816444444444444,0.9764452659555598,52.59145350000108,0.0746765000003506
300k_balanced_weighting,catboost,0.8570222222222222,0.7393752160905438,0.6571831046893255,0.7393752160905438,0.668623456626793,0.976179493316138,0.8570222222222222,0.9086534674112462,13.437103199998091,0.0798293000007106
300k_balanced_weighting,logistic_regression,0.4138777777777778,0.7055177371250966,0.3897389582254833,0.7055177371250966,0.4086698428360074,0.9248350538785438,0.4138777777777778,0.5083608563191422,241.0135183999992,0.0166418999979214
300k_temporal,stacking,0.9837019919787582,0.641362772774329,0.6929104820432866,0.641362772774329,0.6602722186292298,0.9738149244708936,0.9837019919787582,0.9784875424856126,214.54576000000816,2.5884841999941277
300k_temporal,xgboost,0.9834686871604582,0.680647151757652,0.7773425706271184,0.680647151757652,0.7036668029758165,0.9785657823749798,0.9834686871604582,0.9796347109927604,88.1927912000101,0.7497092999983579
300k_temporal,catboost,0.9832687116019152,0.7086451122170817,0.7808446425279031,0.7086451122170817,0.7277424755871393,0.9772889749570832,0.9832687116019152,0.97870318318646,257.91365940000105,0.090776500001084
300k_temporal,lightgbm,0.9831798335758964,0.6759606456828476,0.7806243779808812,0.6759606456828476,0.7026236563177665,0.9778811587037484,0.9831798335758964,0.979275466090253,36.53873879999446,3.597639800005709
300k_temporal,random_forest,0.9826687849262868,0.6723670828662673,0.7181202506812913,0.6723670828662673,0.6832773493786273,0.9775667669921776,0.9826687849262868,0.9786048349034688,22.055888600007165,0.8783696000027703
300k_temporal,mlp,0.9813800535490108,0.6930511052866684,0.7790043697175392,0.6930511052866684,0.716796847191361,0.9747109539030062,0.9813800535490108,0.97656143004183,100.3108140000113,0.0614426999964052
300k_temporal,logistic_regression,0.9675817400095544,0.633283394993507,0.7518172743690771,0.633283394993507,0.6725334003609016,0.959731349619872,0.9675817400095544,0.9614842898295588,59.30124140001135,0.0103678000014042
300k_temporal_tuned,lightgbm,0.9835908944462344,0.6708422075960766,0.7152043517194705,0.6708422075960766,0.6818735803989945,0.9780361313624474,0.9835908944462344,0.9792910151555294,46.27655059999961,5.143719200001215
300k_temporal_tuned,stacking,0.9835908944462344,0.6385658145118638,0.6925853370436003,0.6385658145118638,0.6579866156515425,0.97370365777049,0.9835908944462344,0.9783684472777426,267.38422609999543,2.7080812999920454
300k_temporal_tuned,catboost,0.9834575774072056,0.7444349482170768,0.8495910216900687,0.7444349482170768,0.775107519443337,0.9779640179114087,0.9834575774072056,0.979211536402302,1164.441925799998,0.176473800005624
300k_temporal_tuned,xgboost,0.9833686993811868,0.6786278000483328,0.7772806028420883,0.6786278000483328,0.7020985089756405,0.9786165698087288,0.9833686993811868,0.9795399417016716,72.75468929999624,0.6457809999992605
300k_temporal_tuned,random_forest,0.9831465043161391,0.7053532545176522,0.7843278845771526,0.7053532545176522,0.7289574771088674,0.9779600648335054,0.9831465043161391,0.9791514023297274,100.71898099999817,1.7238841999933356
300k_temporal_tuned,mlp,0.9807690171201298,0.5910315904303307,0.6297888115794957,0.5910315904303307,0.6003178783516349,0.9730069258903956,0.9807690171201298,0.9757525224414992,81.86421469999186,0.1663632999989204
300k_temporal_tuned,logistic_regression,0.9675817400095544,0.633283394993507,0.7518172743690771,0.633283394993507,0.6725334003609016,0.959731349619872,0.9675817400095544,0.9614842898295588,63.96710249999887,0.0170966000005137
300k_temporal_tuned_fair,stacking,0.9836242237059916,0.6386183907474053,0.6925879457930402,0.6386183907474053,0.6580143040325542,0.9737361627288074,0.9836242237059916,0.9784016171621254,176.95240670000203,1.7655175999971109
300k_temporal_tuned_fair,xgboost,0.98352423592672,0.6730354374106178,0.7787174352109477,0.6730354374106178,0.6990253706402617,0.9788294656073148,0.98352423592672,0.9797319592376244,29.73198759998195,0.2905421999748796
300k_temporal_tuned_fair,lightgbm,0.9834686871604582,0.6881665080522663,0.784330335504478,0.6881665080522663,0.7110206584460038,0.9785216444294564,0.9834686871604582,0.9796503029362306,33.47295540000778,4.024308300053235
300k_temporal_tuned_fair,catboost,0.9834575774072056,0.7444349482170768,0.8495910216900687,0.7444349482170768,0.775107519443337,0.9779640179114087,0.9834575774072056,0.979211536402302,878.9925536999945,0.1412286999984644
300k_temporal_tuned_fair,random_forest,0.9824576996144916,0.734407521274578,0.8236600857311956,0.734407521274578,0.7648014035809351,0.9774063871233886,0.9824576996144916,0.9790221162451408,39.3736805000226,0.6120938999811187
300k_temporal_tuned_fair,mlp,0.981302285276244,0.692019688817638,0.7685778504142352,0.692019688817638,0.7134118167527215,0.9738174381413384,0.981302285276244,0.9762528291087322,17.676726899982896,0.0272841000114567
300k_temporal_tuned_fair,logistic_regression,0.9654486673850974,0.6351846971403425,0.7276693793154941,0.6351846971403425,0.6666206711899804,0.9561314093312516,0.9654486673850974,0.9597399518029552,65.9039806999499,0.0075863000238314
500k,stacking,0.9839333333333332,0.6905646031890129,0.7224653896265598,0.6905646031890129,0.6963193851126117,0.9799677743931444,0.9839333333333332,0.9804327684668962,204.93645410001045,4.1563551999861374
500k,lightgbm,0.9838533333333334,0.7151996900558603,0.7858939427902222,0.7151996900558603,0.7310994861882354,0.9792915370470504,0.9838533333333334,0.9799466901666756,46.65508190001128,5.394884500012267
500k,catboost,0.9838533333333334,0.6905755054629538,0.7956359174405545,0.6905755054629538,0.7074208753970971,0.979878708911554,0.9838533333333334,0.9792257148255666,15.9786855999846,0.1215038999798707
500k,xgboost,0.98384,0.7105086718207146,0.7863558419165966,0.7105086718207146,0.7285984827741738,0.9789841353964126,0.98384,0.9797337678527536,39.381540600035805,1.0018858999828808
500k,random_forest,0.98324,0.7111901932746637,0.7859768018568272,0.7111901932746637,0.7239009143976113,0.9790731370780974,0.98324,0.9787368557700558,46.46170929999789,1.6040074999909848
500k,mlp,0.9808933333333332,0.6724928176574011,0.705720932891902,0.6724928176574011,0.6682819719033335,0.9763169358765212,0.9808933333333332,0.9757738114143412,84.75605850003194,0.0849588000564836
500k,logistic_regression,0.96488,0.6175690973849545,0.6543815310125264,0.6175690973849545,0.6278348555471364,0.9558623042369276,0.96488,0.9589781483686778,92.7158621000126,0.0173945999704301
500k_temporal,stacking,0.9840678350254316,0.6531656480177174,0.6960760592705867,0.6531656480177174,0.6693088348028529,0.9742827290046314,0.9840678350254316,0.9788440232312502,196.2731660999707,4.396301400032826
500k_temporal,xgboost,0.98373452613475,0.7107072360085933,0.7690307498314305,0.7107072360085933,0.728059960587996,0.9782237701964416,0.98373452613475,0.9796051778522558,42.8191904000123,0.870134600030724
500k_temporal,catboost,0.9837078614234956,0.6740572616731734,0.7182492598491268,0.6740572616731734,0.6838065446112263,0.977942125874766,0.9837078614234956,0.9791011927353354,18.366770200023893,0.1627279000240378
500k_temporal,lightgbm,0.983627867289732,0.7103476329313275,0.7840195214000544,0.7103476329313275,0.7318175774251071,0.9782656908131614,0.983627867289732,0.9796055602390312,53.79791149997618,6.666518799960613
500k_temporal,random_forest,0.982774596529588,0.6660482321504074,0.7193072339369275,0.6660482321504074,0.6800774816698969,0.9778407612669142,0.982774596529588,0.978693782756352,47.25852899998426,1.2995437000063248
500k_temporal,mlp,0.981554685989694,0.6578344799708501,0.7117285766317649,0.6578344799708501,0.6690361832982124,0.9750276525340364,0.981554685989694,0.9765355802698752,87.09993030002806,0.0678701999713666
500k_temporal,logistic_regression,0.9654558665697848,0.6342477830148725,0.7067767175465234,0.6342477830148725,0.6586331792312379,0.9566592669795052,0.9654558665697848,0.9597514176138204,95.44229930004803,0.0182209000340662
500k_temporal_tuned,stacking,0.983987840891668,0.6273056850788089,0.6977623622329822,0.6273056850788089,0.646626868571637,0.9742088166741212,0.983987840891668,0.9787452552846622,209.90108569996664,3.3821606000419706
500k_temporal_tuned,catboost,0.9837278599569363,0.6750676340253629,0.718388718211692,0.6750676340253629,0.6850002793639703,0.9780339154486852,0.9837278599569363,0.9792387088920428,43.13069210003596,0.2257553999661468
500k_temporal_tuned,lightgbm,0.9837211937791228,0.71172299293441,0.7837306720793994,0.71172299293441,0.7321318300628292,0.9781469556389736,0.9837211937791228,0.9795247360166028,59.670041400007904,7.376702199981082
500k_temporal_tuned,xgboost,0.9837145276013092,0.7094094917081354,0.768557790142533,0.7094094917081354,0.7270282625757307,0.9781947739313654,0.9837145276013092,0.9795860065850498,35.874276499962434,0.7764996000332758
500k_temporal_tuned,random_forest,0.9836012025784776,0.7013456333240601,0.7916530082301897,0.7013456333240601,0.7273070570002018,0.978758890303454,0.9836012025784776,0.9794366457757014,46.38333400001284,1.0206261000130326
500k_temporal_tuned,mlp,0.98191465959163,0.6935575362942042,0.7604787193006259,0.6935575362942042,0.7154427676486551,0.9720994003972768,0.98191465959163,0.9766952147618168,142.689318299992,0.398925399989821
500k_temporal_tuned,logistic_regression,0.9646825899434042,0.6359513955075146,0.6984060693379434,0.6359513955075146,0.6569436377931006,0.9559929207021834,0.9646825899434042,0.9593783159488708,141.86489989998518,0.0144689999870024
500k_temporal_tuned_fair,stacking,0.9840878335588724,0.650446228626349,0.6978177002008582,0.650446228626349,0.6678353609962848,0.9743062240561412,0.9840878335588724,0.978865289607442,207.5211515999981,3.2892221999936737
500k_temporal_tuned_fair,lightgbm,0.9837211937791228,0.71172299293441,0.7837306720793994,0.71172299293441,0.7321318300628292,0.9781469556389736,0.9837211937791228,0.9795247360166028,46.41891190002207,5.80780260002939
500k_temporal_tuned_fair,catboost,0.9836745305344274,0.674799362951476,0.7161955084529622,0.674799362951476,0.6845060302605535,0.9776639893927888,0.9836745305344274,0.9791371778716116,35.987277399981394,0.1767181000323034
500k_temporal_tuned_fair,xgboost,0.9834212157775096,0.7100133433149913,0.7589831164025359,0.7100133433149913,0.7254665437217002,0.9785677573245674,0.9834212157775096,0.9798941283695848,46.43612310005119,1.130029899999499
500k_temporal_tuned_fair,random_forest,0.9833545539993732,0.7428678214497011,0.8546503065254448,0.7428678214497011,0.7678263858052335,0.9784553723628704,0.9833545539993732,0.9795904400742856,99.82499900000404,1.589623700012453
500k_temporal_tuned_fair,mlp,0.9818613301691208,0.6647460402375486,0.7108007998327696,0.6647460402375486,0.6722378995061354,0.9758680835025056,0.9818613301691208,0.9770227634228752,59.49644860002445,0.0585268000140786
500k_temporal_tuned_fair,logistic_regression,0.9633026911359832,0.600466593427891,0.6672087261033703,0.600466593427891,0.6225370133613538,0.9548894534822556,0.9633026911359832,0.9581539823279402,23.27251989999786,0.0122225999948568
