mode,seed,train,test,transfer,model,fit_seconds,accuracy,f1_macro_all,f1_macro_measurable,baseline_accuracy,baseline_f1_macro,n_test,f1__Benign,f1__DDoS,f1__DoS,f1__Brute Force,f1__Bot,f1__Infiltration,f1__Web Attack,n__Benign,n__DDoS,n__DoS,n__Brute Force,n__Bot,n__Infiltration,n__Web Attack
random,42,ids2017,ids2017,False,lightgbm,17.4,0.9991,0.9851,0.9913,0.8273,0.1294,89999,0.9995,0.9999,0.9986,0.9993,0.9523,0.9474,0.9984,74456,4600,6961,2745,584,10,643
random,42,ids2017,ids2018,True,lightgbm,17.4,0.8883,0.2952,0.2952,0.8795,0.1337,90001,0.9402,0.0,0.2179,0.9083,0.0,0.0,0.0,79157,6082,1540,738,1133,1093,258
random,42,ids2017,ids2017,False,xgboost,8.8,0.9992,0.9857,0.9921,0.8273,0.1294,89999,0.9995,0.9999,0.9986,0.9995,0.9567,0.9474,0.9984,74456,4600,6961,2745,584,10,643
random,42,ids2017,ids2018,True,xgboost,8.8,0.8881,0.2923,0.2923,0.8795,0.1337,90001,0.9404,0.0,0.1815,0.9241,0.0,0.0,0.0,79157,6082,1540,738,1133,1093,258
random,42,ids2017,ids2017,False,catboost,8.0,0.9993,0.9869,0.9935,0.8273,0.1294,89999,0.9996,0.9998,0.9989,0.9995,0.9656,0.9474,0.9977,74456,4600,6961,2745,584,10,643
random,42,ids2017,ids2018,True,catboost,8.0,0.8814,0.1663,0.1663,0.8795,0.1337,90001,0.9368,0.0,0.2167,0.0105,0.0,0.0,0.0,79157,6082,1540,738,1133,1093,258
random,42,ids2017,ids2017,False,random_forest,18.0,0.9983,0.9816,0.9873,0.8273,0.1294,89999,0.999,0.9989,0.9954,0.9996,0.9397,0.9474,0.9914,74456,4600,6961,2745,584,10,643
random,42,ids2017,ids2018,True,random_forest,18.0,0.8807,0.1773,0.1773,0.8795,0.1337,90001,0.9462,0.0,0.0743,0.0,0.0,0.0,0.2207,79157,6082,1540,738,1133,1093,258
random,42,ids2017,ids2017,False,mlp,14.0,0.988,0.8658,0.9149,0.8273,0.1294,89999,0.9932,0.9851,0.9725,0.9806,0.7325,0.5714,0.8253,74456,4600,6961,2745,584,10,643
random,42,ids2017,ids2018,True,mlp,14.0,0.8762,0.1744,0.1744,0.8795,0.1337,90001,0.9449,0.0059,0.2593,0.0107,0.0,0.0,0.0,79157,6082,1540,738,1133,1093,258
random,42,ids2017,ids2017,False,logistic_regression,10.3,0.974,0.6245,0.6584,0.8273,0.1294,89999,0.9847,0.9788,0.9422,0.9673,0.0268,0.4211,0.051,74456,4600,6961,2745,584,10,643
random,42,ids2017,ids2018,True,logistic_regression,10.3,0.854,0.1371,0.1371,0.8795,0.1337,90001,0.9265,0.0,0.033,0.0,0.0,0.0,0.0,79157,6082,1540,738,1133,1093,258
random,42,ids2017,ids2017,False,stacking,65.7,0.999,0.9845,0.9907,0.8273,0.1294,89999,0.9994,0.9998,0.9978,0.9995,0.9503,0.9474,0.9977,74456,4600,6961,2745,584,10,643
random,42,ids2017,ids2018,True,stacking,65.7,0.8869,0.2843,0.2843,0.8795,0.1337,90001,0.9505,0.0,0.1053,0.934,0.0,0.0,0.0,79157,6082,1540,738,1133,1093,258
random,42,ids2018,ids2017,True,lightgbm,16.0,0.8481,0.2659,0.3102,0.8273,0.1294,89999,0.9155,0.0,0.2483,0.6904,0.0068,0.0,0.0,74456,4600,6961,2745,584,10,643
random,42,ids2018,ids2018,False,lightgbm,16.0,0.9868,0.8612,0.8612,0.8795,0.1337,90001,0.9926,0.9997,0.999,0.9993,0.9996,0.1747,0.8637,79157,6082,1540,738,1133,1093,258
random,42,ids2018,ids2017,True,xgboost,9.8,0.8593,0.2914,0.34,0.8273,0.1294,89999,0.9232,0.0358,0.585,0.4959,0.0,0.0,0.0,74456,4600,6961,2745,584,10,643
random,42,ids2018,ids2018,False,xgboost,9.8,0.9869,0.8645,0.8645,0.8795,0.1337,90001,0.9926,0.9998,0.999,1.0,0.9996,0.1521,0.9084,79157,6082,1540,738,1133,1093,258
random,42,ids2018,ids2017,True,catboost,7.0,0.8022,0.2457,0.2867,0.8273,0.1294,89999,0.8867,0.0009,0.6097,0.2229,0.0,0.0,0.0,74456,4600,6961,2745,584,10,643
random,42,ids2018,ids2018,False,catboost,7.0,0.9871,0.8583,0.8583,0.8795,0.1337,90001,0.9927,0.9993,0.9981,0.9993,0.9991,0.0995,0.9204,79157,6082,1540,738,1133,1093,258
random,42,ids2018,ids2017,True,random_forest,22.2,0.8222,0.149,0.1738,0.8273,0.1294,89999,0.9316,0.0009,0.1081,0.0015,0.0,0.0,0.0009,74456,4600,6961,2745,584,10,643
random,42,ids2018,ids2018,False,random_forest,22.2,0.9868,0.8643,0.8643,0.8795,0.1337,90001,0.9925,0.9965,0.9977,1.0,0.9969,0.1436,0.9228,79157,6082,1540,738,1133,1093,258
random,42,ids2018,ids2017,True,mlp,6.0,0.765,0.2437,0.2843,0.8273,0.1294,89999,0.9181,0.261,0.1099,0.4111,0.0,0.0,0.0058,74456,4600,6961,2745,584,10,643
random,42,ids2018,ids2018,False,mlp,6.0,0.9849,0.8172,0.8172,0.8795,0.1337,90001,0.9915,0.9927,0.9902,0.9986,0.9956,0.0768,0.6752,79157,6082,1540,738,1133,1093,258
random,42,ids2018,ids2017,True,logistic_regression,12.7,0.7762,0.2702,0.3153,0.8273,0.1294,89999,0.922,0.4458,0.1021,0.4217,0.0,0.0,0.0,74456,4600,6961,2745,584,10,643
random,42,ids2018,ids2018,False,logistic_regression,12.7,0.9784,0.7718,0.7718,0.8795,0.1337,90001,0.988,0.951,0.9863,0.9946,0.9899,0.0214,0.4716,79157,6082,1540,738,1133,1093,258
random,42,ids2018,ids2017,True,stacking,77.4,0.8508,0.2931,0.3419,0.8273,0.1294,89999,0.9197,0.0063,0.6213,0.5008,0.0034,0.0,0.0,74456,4600,6961,2745,584,10,643
random,42,ids2018,ids2018,False,stacking,77.4,0.9865,0.8371,0.8371,0.8795,0.1337,90001,0.9924,0.9948,0.9968,1.0,0.9991,0.0,0.8766,79157,6082,1540,738,1133,1093,258
random,43,ids2017,ids2017,False,lightgbm,16.1,0.9991,0.9931,0.992,0.8273,0.1294,89999,0.9995,0.9997,0.9981,0.9996,0.958,1.0,0.9969,74456,4600,6961,2745,584,10,643
random,43,ids2017,ids2018,True,lightgbm,16.1,0.886,0.269,0.269,0.8795,0.1337,90001,0.9392,0.0,0.2292,0.7149,0.0,0.0,0.0,79157,6082,1540,738,1133,1093,258
random,43,ids2017,ids2017,False,xgboost,8.7,0.9991,0.9857,0.992,0.8273,0.1294,89999,0.9995,0.9996,0.9983,0.9998,0.9589,0.9474,0.9961,74456,4600,6961,2745,584,10,643
random,43,ids2017,ids2018,True,xgboost,8.7,0.881,0.1649,0.1649,0.8795,0.1337,90001,0.9366,0.0,0.2175,0.0,0.0,0.0,0.0,79157,6082,1540,738,1133,1093,258
random,43,ids2017,ids2017,False,catboost,8.7,0.999,0.967,0.9909,0.8273,0.1294,89999,0.9994,0.9996,0.9981,0.9996,0.9559,0.8235,0.993,74456,4600,6961,2745,584,10,643
random,43,ids2017,ids2018,True,catboost,8.7,0.8814,0.1687,0.1687,0.8795,0.1337,90001,0.9368,0.0,0.239,0.0052,0.0,0.0,0.0,79157,6082,1540,738,1133,1093,258
random,43,ids2017,ids2017,False,random_forest,23.7,0.9981,0.9627,0.9859,0.8273,0.1294,89999,0.9989,0.9989,0.9952,0.9996,0.9375,0.8235,0.985,74456,4600,6961,2745,584,10,643
random,43,ids2017,ids2018,True,random_forest,23.7,0.8808,0.1588,0.1588,0.8795,0.1337,90001,0.9463,0.0,0.0908,0.0,0.0,0.0,0.0746,79157,6082,1540,738,1133,1093,258
random,43,ids2017,ids2017,False,mlp,30.4,0.9888,0.8811,0.912,0.8273,0.1294,89999,0.9935,0.9847,0.9847,0.9783,0.752,0.6957,0.7786,74456,4600,6961,2745,584,10,643
random,43,ids2017,ids2018,True,mlp,30.4,0.8709,0.151,0.151,0.8795,0.1337,90001,0.9419,0.0072,0.0925,0.0157,0.0,0.0,0.0,79157,6082,1540,738,1133,1093,258
random,43,ids2017,ids2017,False,logistic_regression,13.6,0.9752,0.616,0.666,0.8273,0.1294,89999,0.9853,0.9864,0.9443,0.9694,0.0365,0.3158,0.0739,74456,4600,6961,2745,584,10,643
random,43,ids2017,ids2018,True,logistic_regression,13.6,0.8536,0.1376,0.1376,0.8795,0.1337,90001,0.9269,0.0,0.0362,0.0,0.0,0.0,0.0,79157,6082,1540,738,1133,1093,258
random,43,ids2017,ids2017,False,stacking,96.1,0.9988,0.9836,0.9896,0.8273,0.1294,89999,0.9993,0.9995,0.9969,0.9996,0.948,0.9474,0.9945,74456,4600,6961,2745,584,10,643
random,43,ids2017,ids2018,True,stacking,96.1,0.8862,0.266,0.266,0.8795,0.1337,90001,0.9493,0.0,0.1099,0.8025,0.0,0.0,0.0,79157,6082,1540,738,1133,1093,258
random,43,ids2018,ids2017,True,lightgbm,23.5,0.8343,0.2578,0.3008,0.8273,0.1294,89999,0.9084,0.0,0.1256,0.409,0.3558,0.0,0.006,74456,4600,6961,2745,584,10,643
random,43,ids2018,ids2018,False,lightgbm,23.5,0.9869,0.873,0.873,0.8795,0.1337,90001,0.9926,0.9998,0.9997,0.9993,0.9982,0.1775,0.9436,79157,6082,1540,738,1133,1093,258
random,43,ids2018,ids2017,True,xgboost,16.6,0.8125,0.2283,0.2664,0.8273,0.1294,89999,0.8978,0.0364,0.1769,0.4778,0.0034,0.0,0.0061,74456,4600,6961,2745,584,10,643
random,43,ids2018,ids2018,False,xgboost,16.6,0.9864,0.8672,0.8672,0.8795,0.1337,90001,0.9923,0.9976,0.9994,0.9993,0.9987,0.1589,0.9246,79157,6082,1540,738,1133,1093,258
random,43,ids2018,ids2017,True,catboost,14.1,0.8314,0.2524,0.2945,0.8273,0.1294,89999,0.9071,0.009,0.6027,0.2481,0.0,0.0,0.0,74456,4600,6961,2745,584,10,643
random,43,ids2018,ids2018,False,catboost,14.1,0.9872,0.858,0.858,0.8795,0.1337,90001,0.9928,0.9993,0.999,0.9993,0.9987,0.0799,0.9371,79157,6082,1540,738,1133,1093,258
random,43,ids2018,ids2017,True,random_forest,30.9,0.8245,0.1508,0.1759,0.8273,0.1294,89999,0.9332,0.0009,0.1166,0.0014,0.0,0.0,0.0032,74456,4600,6961,2745,584,10,643
random,43,ids2018,ids2018,False,random_forest,30.9,0.9866,0.8587,0.8587,0.8795,0.1337,90001,0.9925,0.9977,0.9987,0.9993,0.9951,0.1247,0.9026,79157,6082,1540,738,1133,1093,258
random,43,ids2018,ids2017,True,mlp,16.9,0.636,0.2248,0.2623,0.8273,0.1294,89999,0.8223,0.1323,0.1546,0.4645,0.0,0.0,0.0,74456,4600,6961,2745,584,10,643
random,43,ids2018,ids2018,False,mlp,16.9,0.9858,0.8354,0.8354,0.8795,0.1337,90001,0.992,0.994,0.9961,0.9993,0.9929,0.0521,0.8211,79157,6082,1540,738,1133,1093,258
random,43,ids2018,ids2017,True,logistic_regression,16.4,0.78,0.2653,0.3095,0.8273,0.1294,89999,0.9253,0.438,0.1014,0.3921,0.0,0.0,0.0,74456,4600,6961,2745,584,10,643
random,43,ids2018,ids2018,False,logistic_regression,16.4,0.9783,0.7828,0.7828,0.8795,0.1337,90001,0.9879,0.9498,0.9896,0.9946,0.9876,0.0214,0.5485,79157,6082,1540,738,1133,1093,258
random,43,ids2018,ids2017,True,stacking,106.4,0.8067,0.2738,0.3195,0.8273,0.1294,89999,0.9201,0.3462,0.2342,0.4097,0.0068,0.0,0.0,74456,4600,6961,2745,584,10,643
random,43,ids2018,ids2018,False,stacking,106.4,0.9869,0.8412,0.8412,0.8795,0.1337,90001,0.9926,0.9965,0.9994,0.9993,0.9982,0.0,0.9021,79157,6082,1540,738,1133,1093,258
random,44,ids2017,ids2017,False,lightgbm,23.1,0.9989,0.9654,0.9891,0.8273,0.1294,89999,0.9994,0.9996,0.9983,0.9993,0.9448,0.8235,0.993,74456,4600,6961,2745,584,10,643
random,44,ids2017,ids2018,True,lightgbm,23.1,0.8878,0.2898,0.2898,0.8795,0.1337,90001,0.94,0.0,0.2357,0.8496,0.0035,0.0,0.0,79157,6082,1540,738,1133,1093,258
random,44,ids2017,ids2017,False,xgboost,14.5,0.999,0.9448,0.9912,0.8273,0.1294,89999,0.9994,0.9996,0.9983,0.9995,0.9558,0.6667,0.9945,74456,4600,6961,2745,584,10,643
random,44,ids2017,ids2018,True,xgboost,14.5,0.8891,0.3354,0.3354,0.8795,0.1337,90001,0.9407,0.0,0.1761,0.9604,0.0018,0.0,0.2685,79157,6082,1540,738,1133,1093,258
random,44,ids2017,ids2017,False,catboost,9.1,0.999,0.9679,0.9919,0.8273,0.1294,89999,0.9994,0.9991,0.9981,0.9991,0.962,0.8235,0.9938,74456,4600,6961,2745,584,10,643
random,44,ids2017,ids2018,True,catboost,9.1,0.8824,0.1775,0.1775,0.8795,0.1337,90001,0.9373,0.0,0.3025,0.0027,0.0,0.0,0.0,79157,6082,1540,738,1133,1093,258
random,44,ids2017,ids2017,False,random_forest,21.7,0.998,0.9246,0.9834,0.8273,0.1294,89999,0.9988,0.9987,0.9959,0.9996,0.9216,0.5714,0.9858,74456,4600,6961,2745,584,10,643
random,44,ids2017,ids2018,True,random_forest,21.7,0.8811,0.1671,0.1671,0.8795,0.1337,90001,0.9462,0.0,0.0999,0.0,0.0,0.0,0.1236,79157,6082,1540,738,1133,1093,258
random,44,ids2017,ids2017,False,mlp,27.4,0.9908,0.8623,0.9171,0.8273,0.1294,89999,0.9947,0.9989,0.9856,0.9842,0.7458,0.5333,0.7934,74456,4600,6961,2745,584,10,643
random,44,ids2017,ids2018,True,mlp,27.4,0.8709,0.1476,0.1476,0.8795,0.1337,90001,0.9423,0.0082,0.0802,0.0027,0.0,0.0,0.0,79157,6082,1540,738,1133,1093,258
random,44,ids2017,ids2017,False,logistic_regression,12.0,0.9738,0.621,0.662,0.8273,0.1294,89999,0.9846,0.9812,0.9395,0.965,0.0397,0.375,0.062,74456,4600,6961,2745,584,10,643
random,44,ids2017,ids2018,True,logistic_regression,12.0,0.8545,0.1381,0.1381,0.8795,0.1337,90001,0.9282,0.0,0.0386,0.0,0.0,0.0,0.0,79157,6082,1540,738,1133,1093,258
random,44,ids2017,ids2017,False,stacking,88.0,0.9987,0.9646,0.9882,0.8273,0.1294,89999,0.9993,0.9996,0.9974,0.9993,0.942,0.8235,0.9914,74456,4600,6961,2745,584,10,643
random,44,ids2017,ids2018,True,stacking,88.0,0.8888,0.2892,0.2892,0.8795,0.1337,90001,0.9509,0.0,0.1197,0.9505,0.0035,0.0,0.0,79157,6082,1540,738,1133,1093,258
random,44,ids2018,ids2017,True,lightgbm,29.6,0.8393,0.2305,0.2689,0.8273,0.1294,89999,0.911,0.0013,0.1846,0.473,0.0403,0.0,0.003,74456,4600,6961,2745,584,10,643
random,44,ids2018,ids2018,False,lightgbm,29.6,0.9872,0.872,0.872,0.8795,0.1337,90001,0.9927,0.9996,1.0,0.9993,0.9973,0.1789,0.9364,79157,6082,1540,738,1133,1093,258
random,44,ids2018,ids2017,True,xgboost,14.0,0.8484,0.2771,0.3233,0.8273,0.1294,89999,0.9171,0.0486,0.4995,0.4748,0.0,0.0,0.0,74456,4600,6961,2745,584,10,643
random,44,ids2018,ids2018,False,xgboost,14.0,0.987,0.8705,0.8705,0.8795,0.1337,90001,0.9926,0.9999,0.9997,0.9993,0.9969,0.1766,0.9286,79157,6082,1540,738,1133,1093,258
random,44,ids2018,ids2017,True,catboost,9.6,0.7856,0.2054,0.2396,0.8273,0.1294,89999,0.8783,0.0009,0.5477,0.0106,0.0,0.0,0.0,74456,4600,6961,2745,584,10,643
random,44,ids2018,ids2018,False,catboost,9.6,0.9873,0.8614,0.8614,0.8795,0.1337,90001,0.9929,0.9989,0.999,0.9993,0.996,0.1176,0.9258,79157,6082,1540,738,1133,1093,258
random,44,ids2018,ids2017,True,random_forest,30.3,0.8205,0.1506,0.1757,0.8273,0.1294,89999,0.9306,0.0009,0.1208,0.0007,0.0,0.0,0.0009,74456,4600,6961,2745,584,10,643
random,44,ids2018,ids2018,False,random_forest,30.3,0.987,0.8666,0.8666,0.8795,0.1337,90001,0.9926,0.9978,0.9994,0.9993,0.9924,0.1646,0.92,79157,6082,1540,738,1133,1093,258
random,44,ids2018,ids2017,True,mlp,17.3,0.7624,0.2471,0.2883,0.8273,0.1294,89999,0.9094,0.1156,0.2225,0.4763,0.0,0.0,0.006,74456,4600,6961,2745,584,10,643
random,44,ids2018,ids2018,False,mlp,17.3,0.9853,0.8096,0.8096,0.8795,0.1337,90001,0.9917,0.9949,0.9925,0.9986,0.9911,0.0197,0.6783,79157,6082,1540,738,1133,1093,258
random,44,ids2018,ids2017,True,logistic_regression,14.4,0.7779,0.267,0.3115,0.8273,0.1294,89999,0.9233,0.4413,0.1191,0.3852,0.0,0.0,0.0,74456,4600,6961,2745,584,10,643
random,44,ids2018,ids2018,False,logistic_regression,14.4,0.978,0.7649,0.7649,0.8795,0.1337,90001,0.9878,0.9493,0.9867,0.9959,0.9845,0.0196,0.4307,79157,6082,1540,738,1133,1093,258
random,44,ids2018,ids2017,True,stacking,98.6,0.8688,0.3673,0.4285,0.8273,0.1294,89999,0.9348,0.5378,0.6236,0.4751,0.0,0.0,0.0,74456,4600,6961,2745,584,10,643
random,44,ids2018,ids2018,False,stacking,98.6,0.9864,0.8353,0.8353,0.8795,0.1337,90001,0.9924,0.9957,0.9997,0.9993,0.9924,0.0,0.8677,79157,6082,1540,738,1133,1093,258
random,45,ids2017,ids2017,False,lightgbm,22.0,0.9991,0.9763,0.9909,0.8273,0.1294,89999,0.9995,0.9993,0.9988,0.9993,0.9514,0.8889,0.9969,74456,4600,6961,2745,584,10,643
random,45,ids2017,ids2018,True,lightgbm,22.0,0.8888,0.3018,0.3018,0.8795,0.1337,90001,0.9405,0.0,0.2101,0.9464,0.0,0.0,0.0154,79157,6082,1540,738,1133,1093,258
random,45,ids2017,ids2017,False,xgboost,9.8,0.9991,0.976,0.9905,0.8273,0.1294,89999,0.9995,0.9993,0.9989,0.9996,0.9505,0.8889,0.9953,74456,4600,6961,2745,584,10,643
random,45,ids2017,ids2018,True,xgboost,9.8,0.8859,0.2698,0.2698,0.8795,0.1337,90001,0.9391,0.0,0.1374,0.7888,0.0,0.0,0.023,79157,6082,1540,738,1133,1093,258
random,45,ids2017,ids2017,False,catboost,7.8,0.9991,0.9682,0.9923,0.8273,0.1294,89999,0.9995,0.9992,0.9986,0.9991,0.963,0.8235,0.9946,74456,4600,6961,2745,584,10,643
random,45,ids2017,ids2018,True,catboost,7.8,0.8821,0.1754,0.1754,0.8795,0.1337,90001,0.9372,0.0,0.2879,0.0027,0.0,0.0,0.0,79157,6082,1540,738,1133,1093,258
random,45,ids2017,ids2017,False,random_forest,19.4,0.9982,0.9622,0.9853,0.8273,0.1294,89999,0.999,0.9989,0.9966,0.9987,0.9303,0.8235,0.9883,74456,4600,6961,2745,584,10,643
random,45,ids2017,ids2018,True,random_forest,19.4,0.8807,0.1721,0.1721,0.8795,0.1337,90001,0.9461,0.0,0.0757,0.0,0.0,0.0,0.1831,79157,6082,1540,738,1133,1093,258
random,45,ids2017,ids2017,False,mlp,21.3,0.9904,0.8933,0.9172,0.8273,0.1294,89999,0.9945,0.9985,0.9822,0.9812,0.7393,0.75,0.8073,74456,4600,6961,2745,584,10,643
random,45,ids2017,ids2018,True,mlp,21.3,0.8834,0.2351,0.2351,0.8795,0.1337,90001,0.9491,0.0075,0.0742,0.6147,0.0,0.0,0.0,79157,6082,1540,738,1133,1093,258
random,45,ids2017,ids2017,False,logistic_regression,9.9,0.975,0.5849,0.6586,0.8273,0.1294,89999,0.9852,0.984,0.9454,0.9699,0.0367,0.1429,0.0304,74456,4600,6961,2745,584,10,643
random,45,ids2017,ids2018,True,logistic_regression,9.9,0.8531,0.1385,0.1385,0.8795,0.1337,90001,0.9265,0.0003,0.0425,0.0,0.0,0.0,0.0,79157,6082,1540,738,1133,1093,258
random,45,ids2017,ids2017,False,stacking,78.5,0.9988,0.9746,0.9888,0.8273,0.1294,89999,0.9993,0.9995,0.9976,0.9993,0.9413,0.8889,0.9961,74456,4600,6961,2745,584,10,643
random,45,ids2017,ids2018,True,stacking,78.5,0.8887,0.2929,0.2929,0.8795,0.1337,90001,0.951,0.0,0.1322,0.9517,0.0,0.0,0.0154,79157,6082,1540,738,1133,1093,258
random,45,ids2018,ids2017,True,lightgbm,18.2,0.8644,0.3744,0.4368,0.8273,0.1294,89999,0.9239,0.0004,0.4729,0.6568,0.5667,0.0,0.0,74456,4600,6961,2745,584,10,643
random,45,ids2018,ids2018,False,lightgbm,18.2,0.9871,0.8731,0.8731,0.8795,0.1337,90001,0.9927,0.9998,0.9997,1.0,0.9982,0.1887,0.9326,79157,6082,1540,738,1133,1093,258
random,45,ids2018,ids2017,True,xgboost,11.6,0.8427,0.275,0.3208,0.8273,0.1294,89999,0.9113,0.0264,0.425,0.4823,0.0,0.0,0.08,74456,4600,6961,2745,584,10,643
random,45,ids2018,ids2018,False,xgboost,11.6,0.9867,0.8665,0.8665,0.8795,0.1337,90001,0.9925,0.998,0.9994,1.0,0.9982,0.1731,0.9046,79157,6082,1540,738,1133,1093,258
random,45,ids2018,ids2017,True,catboost,7.5,0.8005,0.2432,0.2838,0.8273,0.1294,89999,0.8856,0.0009,0.5818,0.2344,0.0,0.0,0.0,74456,4600,6961,2745,584,10,643
random,45,ids2018,ids2018,False,catboost,7.5,0.9873,0.86,0.86,0.8795,0.1337,90001,0.9929,0.9996,0.9987,1.0,0.9978,0.1098,0.921,79157,6082,1540,738,1133,1093,258
random,45,ids2018,ids2017,True,random_forest,27.1,0.8223,0.1511,0.1763,0.8273,0.1294,89999,0.9347,0.0004,0.1207,0.0022,0.0,0.0,0.0,74456,4600,6961,2745,584,10,643
random,45,ids2018,ids2018,False,random_forest,27.1,0.987,0.8661,0.8661,0.8795,0.1337,90001,0.9927,0.9974,0.999,1.0,0.9956,0.1574,0.9206,79157,6082,1540,738,1133,1093,258
random,45,ids2018,ids2017,True,mlp,9.2,0.7926,0.2121,0.2474,0.8273,0.1294,89999,0.9377,0.0008,0.0932,0.4519,0.0,0.0,0.001,74456,4600,6961,2745,584,10,643
random,45,ids2018,ids2018,False,mlp,9.2,0.9849,0.8083,0.8083,0.8795,0.1337,90001,0.9915,0.9947,0.9915,0.998,0.9912,0.0645,0.6269,79157,6082,1540,738,1133,1093,258
random,45,ids2018,ids2017,True,logistic_regression,13.5,0.7584,0.2073,0.2418,0.8273,0.1294,89999,0.9124,0.0373,0.1021,0.3991,0.0,0.0,0.0,74456,4600,6961,2745,584,10,643
random,45,ids2018,ids2018,False,logistic_regression,13.5,0.9784,0.7848,0.7848,0.8795,0.1337,90001,0.988,0.9496,0.9883,0.9973,0.9872,0.0233,0.5598,79157,6082,1540,738,1133,1093,258
random,45,ids2018,ids2017,True,stacking,81.3,0.8625,0.3099,0.3615,0.8273,0.1294,89999,0.9384,0.1426,0.5987,0.4893,0.0,0.0,0.0,74456,4600,6961,2745,584,10,643
random,45,ids2018,ids2018,False,stacking,81.3,0.9868,0.838,0.838,0.8795,0.1337,90001,0.9926,0.9969,0.9968,1.0,0.9987,0.0,0.8812,79157,6082,1540,738,1133,1093,258
random,46,ids2017,ids2017,False,lightgbm,17.3,0.999,0.9677,0.9918,0.8273,0.1294,89999,0.9994,0.9999,0.9976,1.0,0.9608,0.8235,0.993,74456,4600,6961,2745,584,10,643
random,46,ids2017,ids2018,True,lightgbm,17.3,0.8938,0.3531,0.3531,0.8795,0.1337,90001,0.943,0.0,0.5834,0.9454,0.0,0.0,0.0,79157,6082,1540,738,1133,1093,258
random,46,ids2017,ids2017,False,xgboost,9.1,0.9989,0.9659,0.9896,0.8273,0.1294,89999,0.9994,0.9999,0.9978,1.0,0.9478,0.8235,0.993,74456,4600,6961,2745,584,10,643
random,46,ids2017,ids2018,True,xgboost,9.1,0.8889,0.3031,0.3031,0.8795,0.1337,90001,0.9406,0.0,0.2241,0.9492,0.0,0.0,0.0077,79157,6082,1540,738,1133,1093,258
random,46,ids2017,ids2017,False,catboost,7.5,0.999,0.9572,0.9918,0.8273,0.1294,89999,0.9994,0.9998,0.9978,0.9995,0.962,0.75,0.9922,74456,4600,6961,2745,584,10,643
random,46,ids2017,ids2018,True,catboost,7.5,0.8821,0.1762,0.1762,0.8795,0.1337,90001,0.9372,0.0,0.2857,0.0105,0.0,0.0,0.0,79157,6082,1540,738,1133,1093,258
random,46,ids2017,ids2017,False,random_forest,18.7,0.9981,0.9519,0.9856,0.8273,0.1294,89999,0.9989,0.999,0.9958,0.9984,0.9394,0.75,0.9818,74456,4600,6961,2745,584,10,643
random,46,ids2017,ids2018,True,random_forest,18.7,0.8815,0.1835,0.1835,0.8795,0.1337,90001,0.9466,0.0,0.1085,0.0027,0.0,0.0,0.2268,79157,6082,1540,738,1133,1093,258
random,46,ids2017,ids2017,False,mlp,11.4,0.9873,0.8696,0.9104,0.8273,0.1294,89999,0.9928,0.986,0.9744,0.9789,0.7486,0.625,0.7815,74456,4600,6961,2745,584,10,643
random,46,ids2017,ids2018,True,mlp,11.4,0.8735,0.1661,0.1661,0.8795,0.1337,90001,0.9445,0.0003,0.207,0.0107,0.0,0.0,0.0,79157,6082,1540,738,1133,1093,258
random,46,ids2017,ids2017,False,logistic_regression,10.6,0.9747,0.607,0.6665,0.8273,0.1294,89999,0.985,0.9838,0.9431,0.9672,0.0433,0.25,0.0765,74456,4600,6961,2745,584,10,643
random,46,ids2017,ids2018,True,logistic_regression,10.6,0.854,0.1389,0.1389,0.8795,0.1337,90001,0.9272,0.0003,0.0445,0.0,0.0,0.0,0.0,79157,6082,1540,738,1133,1093,258
random,46,ids2017,ids2017,False,stacking,74.5,0.9988,0.9653,0.989,0.8273,0.1294,89999,0.9993,1.0,0.9967,0.9998,0.9488,0.8235,0.989,74456,4600,6961,2745,584,10,643
random,46,ids2017,ids2018,True,stacking,74.5,0.8885,0.2879,0.2879,0.8795,0.1337,90001,0.9507,0.0,0.1137,0.9506,0.0,0.0,0.0,79157,6082,1540,738,1133,1093,258
random,46,ids2018,ids2017,True,lightgbm,16.8,0.848,0.3333,0.3889,0.8273,0.1294,89999,0.9152,0.0004,0.2352,0.7029,0.3937,0.0,0.0858,74456,4600,6961,2745,584,10,643
random,46,ids2018,ids2018,False,lightgbm,16.8,0.9866,0.8687,0.8687,0.8795,0.1337,90001,0.9924,0.9997,0.9987,0.9993,1.0,0.1801,0.9104,79157,6082,1540,738,1133,1093,258
random,46,ids2018,ids2017,True,xgboost,11.2,0.7792,0.2589,0.302,0.8273,0.1294,89999,0.8723,0.13,0.3278,0.4637,0.0,0.0,0.0182,74456,4600,6961,2745,584,10,643
random,46,ids2018,ids2018,False,xgboost,11.2,0.9869,0.8682,0.8682,0.8795,0.1337,90001,0.9926,0.9997,0.9994,0.9993,1.0,0.1754,0.9112,79157,6082,1540,738,1133,1093,258
random,46,ids2018,ids2017,True,catboost,7.6,0.7656,0.2166,0.2527,0.8273,0.1294,89999,0.8642,0.0085,0.6143,0.0289,0.0,0.0,0.0,74456,4600,6961,2745,584,10,643
random,46,ids2018,ids2018,False,catboost,7.6,0.987,0.8574,0.8574,0.8795,0.1337,90001,0.9927,0.9988,0.9981,0.9993,1.0,0.1056,0.907,79157,6082,1540,738,1133,1093,258
random,46,ids2018,ids2017,True,random_forest,24.3,0.821,0.1525,0.1779,0.8273,0.1294,89999,0.9361,0.0013,0.1258,0.0015,0.0,0.0,0.0027,74456,4600,6961,2745,584,10,643
random,46,ids2018,ids2018,False,random_forest,24.3,0.9866,0.8565,0.8565,0.8795,0.1337,90001,0.9925,0.9974,0.999,0.9993,0.9965,0.1342,0.8764,79157,6082,1540,738,1133,1093,258
random,46,ids2018,ids2017,True,mlp,13.9,0.7675,0.2122,0.2476,0.8273,0.1294,89999,0.9172,0.0068,0.1119,0.4487,0.0,0.0,0.0009,74456,4600,6961,2745,584,10,643
random,46,ids2018,ids2018,False,mlp,13.9,0.9854,0.8325,0.8325,0.8795,0.1337,90001,0.9918,0.9944,0.9889,0.998,0.9938,0.0734,0.7873,79157,6082,1540,738,1133,1093,258
random,46,ids2018,ids2017,True,logistic_regression,13.2,0.768,0.2621,0.3058,0.8273,0.1294,89999,0.917,0.4332,0.1037,0.3806,0.0,0.0,0.0,74456,4600,6961,2745,584,10,643
random,46,ids2018,ids2018,False,logistic_regression,13.2,0.9779,0.7833,0.7833,0.8795,0.1337,90001,0.9878,0.9491,0.9831,0.9932,0.9859,0.0268,0.5571,79157,6082,1540,738,1133,1093,258
random,46,ids2018,ids2017,True,stacking,80.7,0.7537,0.2914,0.3399,0.8273,0.1294,89999,0.8547,0.2904,0.4276,0.4668,0.0,0.0,0.0,74456,4600,6961,2745,584,10,643
random,46,ids2018,ids2018,False,stacking,80.7,0.9866,0.8426,0.8426,0.8795,0.1337,90001,0.9924,0.9944,0.9984,0.9993,1.0,0.0,0.9136,79157,6082,1540,738,1133,1093,258
chronological,42,ids2017,ids2017,False,lightgbm,16.3,0.9547,0.7317,0.687,0.8273,0.1294,89998,0.9736,0.9992,0.9403,0.0,0.2667,1.0,0.9422,74455,4600,6961,2745,584,10,643
chronological,42,ids2017,ids2018,True,lightgbm,16.3,0.8948,0.3204,0.3204,0.8795,0.1337,90002,0.9436,0.0,0.3026,0.0,0.9965,0.0,0.0,79161,6081,1539,738,1133,1093,257
chronological,42,ids2017,ids2017,False,xgboost,8.4,0.9562,0.7167,0.6881,0.8273,0.1294,89998,0.9745,0.9995,0.9512,0.0,0.263,0.8889,0.9402,74455,4600,6961,2745,584,10,643
chronological,42,ids2017,ids2018,True,xgboost,8.4,0.8817,0.1713,0.1713,0.8795,0.1337,90002,0.937,0.0,0.2619,0.0,0.0,0.0,0.0,79161,6081,1539,738,1133,1093,257
chronological,42,ids2017,ids2017,False,catboost,7.7,0.9575,0.7125,0.694,0.8273,0.1294,89998,0.975,0.9984,0.9614,0.0022,0.2678,0.8235,0.959,74455,4600,6961,2745,584,10,643
chronological,42,ids2017,ids2018,True,catboost,7.7,0.8819,0.1725,0.1725,0.8795,0.1337,90002,0.9371,0.0,0.2701,0.0,0.0,0.0,0.0,79161,6081,1539,738,1133,1093,257
chronological,42,ids2017,ids2017,False,random_forest,20.4,0.9505,0.6488,0.6801,0.8273,0.1294,89998,0.9711,0.9978,0.9119,0.0,0.2556,0.4615,0.944,74455,4600,6961,2745,584,10,643
chronological,42,ids2017,ids2018,True,random_forest,20.4,0.8818,0.1717,0.1717,0.8795,0.1337,90002,0.937,0.0,0.2648,0.0,0.0,0.0,0.0,79161,6081,1539,738,1133,1093,257
chronological,42,ids2017,ids2017,False,mlp,27.0,0.9306,0.6084,0.6145,0.8273,0.1294,89998,0.9602,0.9916,0.7925,0.0015,0.1517,0.5714,0.7897,74455,4600,6961,2745,584,10,643
chronological,42,ids2017,ids2018,True,mlp,27.0,0.8809,0.1735,0.1735,0.8795,0.1337,90002,0.9364,0.0182,0.2596,0.0,0.0,0.0,0.0,79161,6081,1539,738,1133,1093,257
chronological,42,ids2017,ids2017,False,logistic_regression,10.9,0.9326,0.405,0.4725,0.8273,0.1294,89998,0.9613,0.9616,0.8662,0.0043,0.0,0.0,0.0414,74455,4600,6961,2745,584,10,643
chronological,42,ids2017,ids2018,True,logistic_regression,10.9,0.8662,0.1508,0.1508,0.8795,0.1337,90002,0.9288,0.0003,0.1239,0.0024,0.0,0.0,0.0,79161,6081,1539,738,1133,1093,257
chronological,42,ids2017,ids2017,False,stacking,71.4,0.9566,0.7284,0.6919,0.8273,0.1294,89998,0.9749,0.999,0.9496,0.0,0.2661,0.9474,0.9617,74455,4600,6961,2745,584,10,643
chronological,42,ids2017,ids2018,True,stacking,71.4,0.8815,0.1706,0.1706,0.8795,0.1337,90002,0.9368,0.0,0.2574,0.0,0.0,0.0,0.0,79161,6081,1539,738,1133,1093,257
chronological,42,ids2018,ids2017,True,lightgbm,17.6,0.8716,0.4404,0.5138,0.8273,0.1294,89998,0.94,0.0009,0.2672,0.9845,0.8709,0.0,0.0197,74455,4600,6961,2745,584,10,643
chronological,42,ids2018,ids2018,False,lightgbm,17.6,0.9855,0.8596,0.8596,0.8795,0.1337,90002,0.9918,0.9995,0.9795,0.9986,0.9996,0.1889,0.8596,79161,6081,1539,738,1133,1093,257
chronological,42,ids2018,ids2017,True,xgboost,12.8,0.8713,0.343,0.4002,0.8273,0.1294,89998,0.9275,0.0616,0.4429,0.9691,0.0,0.0,0.0,74455,4600,6961,2745,584,10,643
chronological,42,ids2018,ids2018,False,xgboost,12.8,0.9849,0.8572,0.8572,0.8795,0.1337,90002,0.9915,0.9981,0.9675,0.9993,1.0,0.1653,0.879,79161,6081,1539,738,1133,1093,257
chronological,42,ids2018,ids2017,True,catboost,7.8,0.8453,0.2223,0.2594,0.8273,0.1294,89998,0.913,0.0013,0.5659,0.0729,0.0,0.0,0.0031,74455,4600,6961,2745,584,10,643
chronological,42,ids2018,ids2018,False,catboost,7.8,0.9848,0.8469,0.8469,0.8795,0.1337,90002,0.9914,0.9992,0.9376,0.9986,0.9996,0.1035,0.8982,79161,6081,1539,738,1133,1093,257
chronological,42,ids2018,ids2017,True,random_forest,25.9,0.8293,0.1675,0.1955,0.8273,0.1294,89998,0.9385,0.0013,0.2215,0.0036,0.0,0.0,0.008,74455,4600,6961,2745,584,10,643
chronological,42,ids2018,ids2018,False,random_forest,25.9,0.983,0.8421,0.8421,0.8795,0.1337,90002,0.9904,0.9927,0.9117,0.9993,0.9978,0.1534,0.8491,79161,6081,1539,738,1133,1093,257
chronological,42,ids2018,ids2017,True,mlp,21.1,0.8479,0.3103,0.362,0.8273,0.1294,89998,0.9609,0.0017,0.2369,0.968,0.0,0.0,0.0047,74455,4600,6961,2745,584,10,643
chronological,42,ids2018,ids2018,False,mlp,21.1,0.9829,0.8227,0.8227,0.8795,0.1337,90002,0.9904,0.9954,0.9116,0.998,0.9951,0.0543,0.8138,79161,6081,1539,738,1133,1093,257
chronological,42,ids2018,ids2017,True,logistic_regression,12.1,0.8354,0.3493,0.4075,0.8273,0.1294,89998,0.9533,0.5157,0.2287,0.747,0.0,0.0,0.0003,74455,4600,6961,2745,584,10,643
chronological,42,ids2018,ids2018,False,logistic_regression,12.1,0.9771,0.7511,0.7511,0.8795,0.1337,90002,0.9872,0.9603,0.9085,0.9959,0.9925,0.023,0.3902,79161,6081,1539,738,1133,1093,257
chronological,42,ids2018,ids2017,True,stacking,72.2,0.8307,0.334,0.3896,0.8273,0.1294,89998,0.9038,0.0158,0.3904,0.9846,0.0,0.0,0.0432,74455,4600,6961,2745,584,10,643
chronological,42,ids2018,ids2018,False,stacking,72.2,0.9859,0.8301,0.8301,0.8795,0.1337,90002,0.9921,0.9961,0.9818,0.9986,0.9991,0.0,0.843,79161,6081,1539,738,1133,1093,257
chronological,43,ids2017,ids2017,False,lightgbm,15.9,0.9556,0.7332,0.6887,0.8273,0.1294,89998,0.974,0.9995,0.9476,0.0,0.2604,1.0,0.951,74455,4600,6961,2745,584,10,643
chronological,43,ids2017,ids2018,True,lightgbm,15.9,0.8822,0.1775,0.1775,0.8795,0.1337,90002,0.9372,0.0,0.305,0.0,0.0,0.0,0.0,79161,6081,1539,738,1133,1093,257
chronological,43,ids2017,ids2017,False,xgboost,8.2,0.9562,0.7155,0.6866,0.8273,0.1294,89998,0.9745,0.9992,0.9518,0.0,0.2611,0.8889,0.9327,74455,4600,6961,2745,584,10,643
chronological,43,ids2017,ids2018,True,xgboost,8.2,0.8817,0.1711,0.1711,0.8795,0.1337,90002,0.937,0.0,0.261,0.0,0.0,0.0,0.0,79161,6081,1539,738,1133,1093,257
chronological,43,ids2017,ids2017,False,catboost,7.5,0.957,0.7119,0.6933,0.8273,0.1294,89998,0.9747,0.9988,0.9575,0.0007,0.2667,0.8235,0.9615,74455,4600,6961,2745,584,10,643
chronological,43,ids2017,ids2018,True,catboost,7.5,0.882,0.1725,0.1725,0.8795,0.1337,90002,0.9371,0.0,0.2704,0.0,0.0,0.0,0.0,79161,6081,1539,738,1133,1093,257
chronological,43,ids2017,ids2017,False,random_forest,18.8,0.9502,0.6657,0.6814,0.8273,0.1294,89998,0.9708,0.9979,0.9096,0.0,0.253,0.5714,0.957,74455,4600,6961,2745,584,10,643
chronological,43,ids2017,ids2018,True,random_forest,18.8,0.8818,0.1717,0.1717,0.8795,0.1337,90002,0.937,0.0,0.2648,0.0,0.0,0.0,0.0,79161,6081,1539,738,1133,1093,257
chronological,43,ids2017,ids2017,False,mlp,11.9,0.9341,0.5795,0.6205,0.8273,0.1294,89998,0.9624,0.9875,0.7996,0.0022,0.1611,0.3333,0.8102,74455,4600,6961,2745,584,10,643
chronological,43,ids2017,ids2018,True,mlp,11.9,0.8815,0.1753,0.1753,0.8795,0.1337,90002,0.9372,0.0179,0.2723,0.0,0.0,0.0,0.0,79161,6081,1539,738,1133,1093,257
chronological,43,ids2017,ids2017,False,logistic_regression,10.6,0.9326,0.405,0.4725,0.8273,0.1294,89998,0.9613,0.9616,0.8662,0.0043,0.0,0.0,0.0414,74455,4600,6961,2745,584,10,643
chronological,43,ids2017,ids2018,True,logistic_regression,10.6,0.8662,0.1508,0.1508,0.8795,0.1337,90002,0.9288,0.0003,0.1239,0.0024,0.0,0.0,0.0,79161,6081,1539,738,1133,1093,257
chronological,43,ids2017,ids2017,False,stacking,80.9,0.9566,0.7206,0.6926,0.8273,0.1294,89998,0.9748,0.999,0.9512,0.0,0.2642,0.8889,0.9663,74455,4600,6961,2745,584,10,643
chronological,43,ids2017,ids2018,True,stacking,80.9,0.8816,0.1719,0.1719,0.8795,0.1337,90002,0.9369,0.0,0.2667,0.0,0.0,0.0,0.0,79161,6081,1539,738,1133,1093,257
chronological,43,ids2018,ids2017,True,lightgbm,21.7,0.8684,0.4396,0.5128,0.8273,0.1294,89998,0.931,0.0009,0.3073,0.8853,0.9188,0.0,0.0339,74455,4600,6961,2745,584,10,643
chronological,43,ids2018,ids2018,False,lightgbm,21.7,0.9855,0.86,0.86,0.8795,0.1337,90002,0.9918,0.9998,0.9795,0.9986,1.0,0.1872,0.8627,79161,6081,1539,738,1133,1093,257
chronological,43,ids2018,ids2017,True,xgboost,11.7,0.8219,0.3427,0.3998,0.8273,0.1294,89998,0.8952,0.1226,0.3558,0.9835,0.0,0.0,0.0416,74455,4600,6961,2745,584,10,643
chronological,43,ids2018,ids2018,False,xgboost,11.7,0.9839,0.8526,0.8526,0.8795,0.1337,90002,0.9909,0.9978,0.9376,0.9993,1.0,0.1669,0.8755,79161,6081,1539,738,1133,1093,257
chronological,43,ids2018,ids2017,True,catboost,8.1,0.8498,0.229,0.2671,0.8273,0.1294,89998,0.9153,0.0043,0.607,0.0731,0.0,0.0,0.0031,74455,4600,6961,2745,584,10,643
chronological,43,ids2018,ids2018,False,catboost,8.1,0.9856,0.8543,0.8543,0.8795,0.1337,90002,0.9919,0.9992,0.9671,0.9986,0.9996,0.1237,0.9,79161,6081,1539,738,1133,1093,257
chronological,43,ids2018,ids2017,True,random_forest,23.8,0.8289,0.1689,0.1971,0.8273,0.1294,89998,0.9409,0.0013,0.222,0.0116,0.0,0.0,0.0066,74455,4600,6961,2745,584,10,643
chronological,43,ids2018,ids2018,False,random_forest,23.8,0.9829,0.8399,0.8399,0.8795,0.1337,90002,0.9904,0.9927,0.9124,0.9986,0.9978,0.1631,0.8246,79161,6081,1539,738,1133,1093,257
chronological,43,ids2018,ids2017,True,mlp,26.7,0.7605,0.2986,0.3483,0.8273,0.1294,89998,0.8968,0.0017,0.2284,0.9625,0.0,0.0,0.0005,74455,4600,6961,2745,584,10,643
chronological,43,ids2018,ids2018,False,mlp,26.7,0.9829,0.8201,0.8201,0.8795,0.1337,90002,0.9904,0.9956,0.9117,0.998,0.9974,0.0987,0.7489,79161,6081,1539,738,1133,1093,257
chronological,43,ids2018,ids2017,True,logistic_regression,12.3,0.8354,0.3493,0.4075,0.8273,0.1294,89998,0.9533,0.5157,0.2287,0.747,0.0,0.0,0.0003,74455,4600,6961,2745,584,10,643
chronological,43,ids2018,ids2018,False,logistic_regression,12.3,0.9771,0.7511,0.7511,0.8795,0.1337,90002,0.9872,0.9603,0.9085,0.9959,0.9925,0.023,0.3902,79161,6081,1539,738,1133,1093,257
chronological,43,ids2018,ids2017,True,stacking,75.5,0.7071,0.3572,0.4167,0.8273,0.1294,89998,0.8224,0.489,0.2473,0.8969,0.0,0.0,0.0446,74455,4600,6961,2745,584,10,643
chronological,43,ids2018,ids2018,False,stacking,75.5,0.9855,0.8287,0.8287,0.8795,0.1337,90002,0.9919,0.9931,0.9815,0.9993,1.0,0.0,0.8352,79161,6081,1539,738,1133,1093,257
chronological,44,ids2017,ids2017,False,lightgbm,16.1,0.9552,0.7325,0.6879,0.8273,0.1294,89998,0.9738,0.9991,0.9441,0.0,0.2602,1.0,0.9504,74455,4600,6961,2745,584,10,643
chronological,44,ids2017,ids2018,True,lightgbm,16.1,0.8822,0.1766,0.1766,0.8795,0.1337,90002,0.9372,0.0,0.2989,0.0,0.0,0.0,0.0,79161,6081,1539,738,1133,1093,257
chronological,44,ids2017,ids2017,False,xgboost,8.2,0.9562,0.7165,0.6878,0.8273,0.1294,89998,0.9745,0.9991,0.9517,0.0,0.2612,0.8889,0.9402,74455,4600,6961,2745,584,10,643
chronological,44,ids2017,ids2018,True,xgboost,8.2,0.8817,0.1713,0.1713,0.8795,0.1337,90002,0.937,0.0,0.2619,0.0,0.0,0.0,0.0,79161,6081,1539,738,1133,1093,257
chronological,44,ids2017,ids2017,False,catboost,7.4,0.9576,0.7128,0.6943,0.8273,0.1294,89998,0.975,0.9986,0.9614,0.0015,0.2674,0.8235,0.9622,74455,4600,6961,2745,584,10,643
chronological,44,ids2017,ids2018,True,catboost,7.4,0.882,0.1734,0.1734,0.8795,0.1337,90002,0.9371,0.0,0.2769,0.0,0.0,0.0,0.0,79161,6081,1539,738,1133,1093,257
chronological,44,ids2017,ids2017,False,random_forest,20.2,0.9507,0.6656,0.6813,0.8273,0.1294,89998,0.9711,0.9978,0.9137,0.0,0.2481,0.5714,0.957,74455,4600,6961,2745,584,10,643
chronological,44,ids2017,ids2018,True,random_forest,20.2,0.8818,0.1717,0.1717,0.8795,0.1337,90002,0.937,0.0,0.2646,0.0,0.0,0.0,0.0,79161,6081,1539,738,1133,1093,257
chronological,44,ids2017,ids2017,False,mlp,25.5,0.9302,0.5921,0.6139,0.8273,0.1294,89998,0.96,0.985,0.7778,0.0029,0.1451,0.4615,0.8127,74455,4600,6961,2745,584,10,643
chronological,44,ids2017,ids2018,True,mlp,25.5,0.882,0.1759,0.1759,0.8795,0.1337,90002,0.9371,0.0182,0.2757,0.0,0.0,0.0,0.0,79161,6081,1539,738,1133,1093,257
chronological,44,ids2017,ids2017,False,logistic_regression,10.6,0.9326,0.405,0.4725,0.8273,0.1294,89998,0.9613,0.9616,0.8662,0.0043,0.0,0.0,0.0414,74455,4600,6961,2745,584,10,643
chronological,44,ids2017,ids2018,True,logistic_regression,10.6,0.8662,0.1508,0.1508,0.8795,0.1337,90002,0.9288,0.0003,0.1239,0.0024,0.0,0.0,0.0,79161,6081,1539,738,1133,1093,257
chronological,44,ids2017,ids2017,False,stacking,67.5,0.9568,0.7205,0.6925,0.8273,0.1294,89998,0.9751,0.9992,0.9516,0.0,0.2644,0.8889,0.9646,74455,4600,6961,2745,584,10,643
chronological,44,ids2017,ids2018,True,stacking,67.5,0.8814,0.1713,0.1713,0.8795,0.1337,90002,0.9368,0.0,0.2626,0.0,0.0,0.0,0.0,79161,6081,1539,738,1133,1093,257
chronological,44,ids2018,ids2017,True,lightgbm,16.3,0.8748,0.4537,0.5294,0.8273,0.1294,89998,0.93,0.0009,0.3332,0.9852,0.859,0.0,0.0678,74455,4600,6961,2745,584,10,643
chronological,44,ids2018,ids2018,False,lightgbm,16.3,0.9854,0.8592,0.8592,0.8795,0.1337,90002,0.9917,0.9995,0.9795,0.998,1.0,0.1833,0.8627,79161,6081,1539,738,1133,1093,257
chronological,44,ids2018,ids2017,True,xgboost,10.9,0.8787,0.3741,0.4364,0.8273,0.1294,89998,0.9296,0.0603,0.6448,0.9839,0.0,0.0,0.0,74455,4600,6961,2745,584,10,643
chronological,44,ids2018,ids2018,False,xgboost,10.9,0.985,0.8561,0.8561,0.8795,0.1337,90002,0.9915,0.998,0.9678,0.9986,1.0,0.1593,0.8773,79161,6081,1539,738,1133,1093,257
chronological,44,ids2018,ids2017,True,catboost,7.2,0.8238,0.2201,0.2567,0.8273,0.1294,89998,0.8997,0.0013,0.5643,0.0721,0.0,0.0,0.0031,74455,4600,6961,2745,584,10,643
chronological,44,ids2018,ids2018,False,catboost,7.2,0.9848,0.846,0.846,0.8795,0.1337,90002,0.9914,0.9992,0.9357,0.9986,0.9996,0.101,0.8964,79161,6081,1539,738,1133,1093,257
chronological,44,ids2018,ids2017,True,random_forest,21.8,0.8283,0.1682,0.1962,0.8273,0.1294,89998,0.9374,0.0013,0.2221,0.0087,0.0,0.0,0.0077,74455,4600,6961,2745,584,10,643
chronological,44,ids2018,ids2018,False,random_forest,21.8,0.983,0.844,0.844,0.8795,0.1337,90002,0.9904,0.9933,0.9124,0.9993,0.9978,0.1674,0.8473,79161,6081,1539,738,1133,1093,257
chronological,44,ids2018,ids2017,True,mlp,13.1,0.764,0.3535,0.4124,0.8273,0.1294,89998,0.8861,0.0012,0.6055,0.9759,0.0,0.0,0.0058,74455,4600,6961,2745,584,10,643
chronological,44,ids2018,ids2018,False,mlp,13.1,0.9828,0.8099,0.8099,0.8795,0.1337,90002,0.9903,0.995,0.911,0.9986,0.9947,0.0581,0.7218,79161,6081,1539,738,1133,1093,257
chronological,44,ids2018,ids2017,True,logistic_regression,12.2,0.8354,0.3493,0.4075,0.8273,0.1294,89998,0.9533,0.5157,0.2287,0.747,0.0,0.0,0.0003,74455,4600,6961,2745,584,10,643
chronological,44,ids2018,ids2018,False,logistic_regression,12.2,0.9771,0.7511,0.7511,0.8795,0.1337,90002,0.9872,0.9603,0.9085,0.9959,0.9925,0.023,0.3902,79161,6081,1539,738,1133,1093,257
chronological,44,ids2018,ids2017,True,stacking,75.3,0.7613,0.3956,0.4616,0.8273,0.1294,89998,0.8508,0.567,0.3662,0.9853,0.0,0.0,0.0,74455,4600,6961,2745,584,10,643
chronological,44,ids2018,ids2018,False,stacking,75.3,0.986,0.8295,0.8295,0.8795,0.1337,90002,0.9921,0.9963,0.9815,0.9986,1.0,0.0,0.8378,79161,6081,1539,738,1133,1093,257
chronological,45,ids2017,ids2017,False,lightgbm,15.7,0.9551,0.7333,0.6889,0.8273,0.1294,89998,0.9738,0.9993,0.9438,0.0,0.2604,1.0,0.9561,74455,4600,6961,2745,584,10,643
chronological,45,ids2017,ids2018,True,lightgbm,15.7,0.8817,0.1776,0.1776,0.8795,0.1337,90002,0.9369,0.0,0.3063,0.0,0.0,0.0,0.0,79161,6081,1539,738,1133,1093,257
chronological,45,ids2017,ids2017,False,xgboost,8.0,0.9555,0.7117,0.6821,0.8273,0.1294,89998,0.9743,0.9989,0.9473,0.0,0.263,0.8889,0.9092,74455,4600,6961,2745,584,10,643
chronological,45,ids2017,ids2018,True,xgboost,8.0,0.8818,0.1713,0.1713,0.8795,0.1337,90002,0.937,0.0,0.2621,0.0,0.0,0.0,0.0,79161,6081,1539,738,1133,1093,257
chronological,45,ids2017,ids2017,False,catboost,7.4,0.9577,0.7222,0.6944,0.8273,0.1294,89998,0.9751,0.9987,0.9625,0.0007,0.2667,0.8889,0.963,74455,4600,6961,2745,584,10,643
chronological,45,ids2017,ids2018,True,catboost,7.4,0.882,0.1733,0.1733,0.8795,0.1337,90002,0.9371,0.0,0.2758,0.0,0.0,0.0,0.0,79161,6081,1539,738,1133,1093,257
chronological,45,ids2017,ids2017,False,random_forest,19.1,0.9502,0.6662,0.682,0.8273,0.1294,89998,0.9708,0.9979,0.9096,0.0,0.2556,0.5714,0.9579,74455,4600,6961,2745,584,10,643
chronological,45,ids2017,ids2018,True,random_forest,19.1,0.8818,0.1719,0.1719,0.8795,0.1337,90002,0.937,0.0,0.2664,0.0,0.0,0.0,0.0,79161,6081,1539,738,1133,1093,257
chronological,45,ids2017,ids2017,False,mlp,11.4,0.9319,0.5344,0.6234,0.8273,0.1294,89998,0.9607,0.986,0.7834,0.0022,0.1638,0.0,0.8445,74455,4600,6961,2745,584,10,643
chronological,45,ids2017,ids2018,True,mlp,11.4,0.8816,0.1756,0.1756,0.8795,0.1337,90002,0.9372,0.0179,0.2744,0.0,0.0,0.0,0.0,79161,6081,1539,738,1133,1093,257
chronological,45,ids2017,ids2017,False,logistic_regression,10.6,0.9326,0.405,0.4725,0.8273,0.1294,89998,0.9613,0.9616,0.8662,0.0043,0.0,0.0,0.0414,74455,4600,6961,2745,584,10,643
chronological,45,ids2017,ids2018,True,logistic_regression,10.6,0.8662,0.1508,0.1508,0.8795,0.1337,90002,0.9288,0.0003,0.1239,0.0024,0.0,0.0,0.0,79161,6081,1539,738,1133,1093,257
chronological,45,ids2017,ids2017,False,stacking,65.3,0.9565,0.7198,0.6916,0.8273,0.1294,89998,0.9748,0.999,0.9503,0.0,0.2674,0.8889,0.958,74455,4600,6961,2745,584,10,643
chronological,45,ids2017,ids2018,True,stacking,65.3,0.8815,0.1725,0.1725,0.8795,0.1337,90002,0.9369,0.0,0.271,0.0,0.0,0.0,0.0,79161,6081,1539,738,1133,1093,257
chronological,45,ids2018,ids2017,True,lightgbm,14.6,0.8733,0.4487,0.5235,0.8273,0.1294,89998,0.9356,0.0009,0.3024,0.9846,0.8907,0.0,0.0266,74455,4600,6961,2745,584,10,643
chronological,45,ids2018,ids2018,False,lightgbm,14.6,0.9856,0.8603,0.8603,0.8795,0.1337,90002,0.9919,0.9996,0.9795,0.9986,1.0,0.1895,0.8627,79161,6081,1539,738,1133,1093,257
chronological,45,ids2018,ids2017,True,xgboost,11.0,0.8916,0.3831,0.4469,0.8273,0.1294,89998,0.9384,0.097,0.618,0.9833,0.0,0.0,0.045,74455,4600,6961,2745,584,10,643
chronological,45,ids2018,ids2018,False,xgboost,11.0,0.9839,0.8517,0.8517,0.8795,0.1337,90002,0.9909,0.9979,0.9357,0.9986,1.0,0.1632,0.8755,79161,6081,1539,738,1133,1093,257
chronological,45,ids2018,ids2017,True,catboost,7.2,0.7981,0.2181,0.2545,0.8273,0.1294,89998,0.8833,0.0013,0.566,0.0734,0.0,0.0,0.0031,74455,4600,6961,2745,584,10,643
chronological,45,ids2018,ids2018,False,catboost,7.2,0.985,0.8462,0.8462,0.8795,0.1337,90002,0.9915,0.9992,0.943,0.9986,0.9996,0.095,0.8964,79161,6081,1539,738,1133,1093,257
chronological,45,ids2018,ids2017,True,random_forest,22.0,0.8296,0.1681,0.1962,0.8273,0.1294,89998,0.9387,0.0013,0.2232,0.0058,0.0,0.0,0.008,74455,4600,6961,2745,584,10,643
chronological,45,ids2018,ids2018,False,random_forest,22.0,0.983,0.8397,0.8397,0.8795,0.1337,90002,0.9904,0.9933,0.9117,0.9993,0.9978,0.1515,0.8341,79161,6081,1539,738,1133,1093,257
chronological,45,ids2018,ids2017,True,mlp,16.1,0.7408,0.2936,0.3426,0.8273,0.1294,89998,0.8898,0.1156,0.2384,0.8071,0.0,0.0,0.0047,74455,4600,6961,2745,584,10,643
chronological,45,ids2018,ids2018,False,mlp,16.1,0.9826,0.8415,0.8415,0.8795,0.1337,90002,0.9902,0.9947,0.9107,0.998,0.9951,0.2445,0.7573,79161,6081,1539,738,1133,1093,257
chronological,45,ids2018,ids2017,True,logistic_regression,12.1,0.8354,0.3493,0.4075,0.8273,0.1294,89998,0.9533,0.5157,0.2287,0.747,0.0,0.0,0.0003,74455,4600,6961,2745,584,10,643
chronological,45,ids2018,ids2018,False,logistic_regression,12.1,0.9771,0.7511,0.7511,0.8795,0.1337,90002,0.9872,0.9603,0.9085,0.9959,0.9925,0.023,0.3902,79161,6081,1539,738,1133,1093,257
chronological,45,ids2018,ids2017,True,stacking,79.0,0.8785,0.4188,0.4886,0.8273,0.1294,89998,0.9429,0.3772,0.5785,0.9853,0.0,0.0,0.048,74455,4600,6961,2745,584,10,643
chronological,45,ids2018,ids2018,False,stacking,79.0,0.9851,0.8248,0.8248,0.8795,0.1337,90002,0.9919,0.9907,0.9597,0.9986,1.0,0.0,0.8326,79161,6081,1539,738,1133,1093,257
chronological,46,ids2017,ids2017,False,lightgbm,16.3,0.9552,0.7317,0.687,0.8273,0.1294,89998,0.9738,0.9991,0.9445,0.0,0.2607,1.0,0.9437,74455,4600,6961,2745,584,10,643
chronological,46,ids2017,ids2018,True,lightgbm,16.3,0.8822,0.1768,0.1768,0.8795,0.1337,90002,0.9372,0.0,0.3004,0.0,0.0,0.0,0.0,79161,6081,1539,738,1133,1093,257
chronological,46,ids2017,ids2017,False,xgboost,8.1,0.9565,0.7254,0.6884,0.8273,0.1294,89998,0.9746,0.9993,0.9536,0.0,0.2609,0.9474,0.9417,74455,4600,6961,2745,584,10,643
chronological,46,ids2017,ids2018,True,xgboost,8.1,0.8817,0.1712,0.1712,0.8795,0.1337,90002,0.937,0.0,0.2611,0.0,0.0,0.0,0.0,79161,6081,1539,738,1133,1093,257
chronological,46,ids2017,ids2017,False,catboost,7.4,0.9569,0.7209,0.6929,0.8273,0.1294,89998,0.9747,0.9987,0.9568,0.0015,0.2659,0.8889,0.9601,74455,4600,6961,2745,584,10,643
chronological,46,ids2017,ids2018,True,catboost,7.4,0.8818,0.1711,0.1711,0.8795,0.1337,90002,0.937,0.0,0.2604,0.0,0.0,0.0,0.0,79161,6081,1539,738,1133,1093,257
chronological,46,ids2017,ids2017,False,random_forest,19.1,0.9502,0.6796,0.6817,0.8273,0.1294,89998,0.9708,0.9978,0.9092,0.0,0.2556,0.6667,0.957,74455,4600,6961,2745,584,10,643
chronological,46,ids2017,ids2018,True,random_forest,19.1,0.8818,0.1716,0.1716,0.8795,0.1337,90002,0.937,0.0,0.2643,0.0,0.0,0.0,0.0,79161,6081,1539,738,1133,1093,257
chronological,46,ids2017,ids2017,False,mlp,27.9,0.9313,0.6158,0.6232,0.8273,0.1294,89998,0.9603,0.9863,0.7884,0.0015,0.1655,0.5714,0.8373,74455,4600,6961,2745,584,10,643
chronological,46,ids2017,ids2018,True,mlp,27.9,0.8826,0.1773,0.1773,0.8795,0.1337,90002,0.9374,0.0182,0.2856,0.0,0.0,0.0,0.0,79161,6081,1539,738,1133,1093,257
chronological,46,ids2017,ids2017,False,logistic_regression,10.5,0.9326,0.405,0.4725,0.8273,0.1294,89998,0.9613,0.9616,0.8662,0.0043,0.0,0.0,0.0414,74455,4600,6961,2745,584,10,643
chronological,46,ids2017,ids2018,True,logistic_regression,10.5,0.8662,0.1508,0.1508,0.8795,0.1337,90002,0.9288,0.0003,0.1239,0.0024,0.0,0.0,0.0,79161,6081,1539,738,1133,1093,257
chronological,46,ids2017,ids2017,False,stacking,68.4,0.9569,0.7203,0.6921,0.8273,0.1294,89998,0.9751,0.9991,0.952,0.0,0.2653,0.8889,0.9614,74455,4600,6961,2745,584,10,643
chronological,46,ids2017,ids2018,True,stacking,68.4,0.8815,0.1714,0.1714,0.8795,0.1337,90002,0.9368,0.0,0.2631,0.0,0.0,0.0,0.0,79161,6081,1539,738,1133,1093,257
chronological,46,ids2018,ids2017,True,lightgbm,16.2,0.8755,0.4575,0.5337,0.8273,0.1294,89998,0.9307,0.0009,0.3509,0.985,0.8772,0.0,0.0575,74455,4600,6961,2745,584,10,643
chronological,46,ids2018,ids2018,False,lightgbm,16.2,0.9856,0.8587,0.8587,0.8795,0.1337,90002,0.9919,0.9998,0.9801,0.998,1.0,0.1785,0.8627,79161,6081,1539,738,1133,1093,257
chronological,46,ids2018,ids2017,True,xgboost,11.1,0.8651,0.3645,0.4252,0.8273,0.1294,89998,0.9224,0.1862,0.4691,0.9736,0.0,0.0,0.0,74455,4600,6961,2745,584,10,643
chronological,46,ids2018,ids2018,False,xgboost,11.1,0.9839,0.8518,0.8518,0.8795,0.1337,90002,0.9909,0.9981,0.9361,0.9986,1.0,0.1632,0.8755,79161,6081,1539,738,1133,1093,257
chronological,46,ids2018,ids2017,True,catboost,7.4,0.8144,0.2234,0.2607,0.8273,0.1294,89998,0.8934,0.0013,0.5938,0.0724,0.0,0.0,0.0031,74455,4600,6961,2745,584,10,643
chronological,46,ids2018,ids2018,False,catboost,7.4,0.9848,0.8464,0.8464,0.8795,0.1337,90002,0.9914,0.9992,0.9368,0.9986,0.9996,0.1006,0.8982,79161,6081,1539,738,1133,1093,257
chronological,46,ids2018,ids2017,True,random_forest,22.3,0.8274,0.1672,0.195,0.8273,0.1294,89998,0.9378,0.0013,0.2183,0.0051,0.0,0.0,0.0077,74455,4600,6961,2745,584,10,643
chronological,46,ids2018,ids2018,False,random_forest,22.3,0.9828,0.8403,0.8403,0.8795,0.1337,90002,0.9903,0.9931,0.9117,0.9993,0.9978,0.1593,0.8308,79161,6081,1539,738,1133,1093,257
chronological,46,ids2018,ids2017,True,mlp,14.5,0.8136,0.2973,0.3469,0.8273,0.1294,89998,0.9372,0.1265,0.2425,0.7706,0.0,0.0,0.0044,74455,4600,6961,2745,584,10,643
chronological,46,ids2018,ids2018,False,mlp,14.5,0.9823,0.8199,0.8199,0.8795,0.1337,90002,0.9901,0.9925,0.9118,0.998,0.9947,0.0821,0.7702,79161,6081,1539,738,1133,1093,257
chronological,46,ids2018,ids2017,True,logistic_regression,12.2,0.8354,0.3493,0.4075,0.8273,0.1294,89998,0.9533,0.5157,0.2287,0.747,0.0,0.0,0.0003,74455,4600,6961,2745,584,10,643
chronological,46,ids2018,ids2018,False,logistic_regression,12.2,0.9771,0.7511,0.7511,0.8795,0.1337,90002,0.9872,0.9603,0.9085,0.9959,0.9925,0.023,0.3902,79161,6081,1539,738,1133,1093,257
chronological,46,ids2018,ids2017,True,stacking,77.7,0.7196,0.3312,0.3864,0.8273,0.1294,89998,0.8231,0.1709,0.34,0.9846,0.0,0.0,0.0,74455,4600,6961,2745,584,10,643
chronological,46,ids2018,ids2018,False,stacking,77.7,0.9855,0.8282,0.8282,0.8795,0.1337,90002,0.992,0.9932,0.9728,0.9986,1.0,0.0,0.8404,79161,6081,1539,738,1133,1093,257
