mode,train,test,model,f1__Benign,f1__DDoS,f1__DoS,f1__Brute Force,f1__Bot,f1__Infiltration,f1__Web Attack
chronological,ids2017,ids2017,catboost,0.9749,0.9986,0.96,0.0015,0.2673,0.8366,0.9613
chronological,ids2017,ids2017,lightgbm,0.9738,0.9992,0.9441,0.0,0.2617,1.0,0.9487
chronological,ids2017,ids2017,logistic_regression,0.9616,0.9622,0.866,0.0043,0.0,0.0,0.041
chronological,ids2017,ids2017,mlp,0.9609,0.9898,0.7947,0.0021,0.1422,0.284,0.783
chronological,ids2017,ids2017,random_forest,0.9709,0.9978,0.9108,0.0,0.2536,0.5685,0.9546
chronological,ids2017,ids2017,stacking,0.9743,0.999,0.9451,0.0,0.265,0.9895,0.9576
chronological,ids2017,ids2017,xgboost,0.974,0.9993,0.9462,0.0,0.2629,1.0,0.9377
chronological,ids2017,ids2018,catboost,0.9253,0.0,0.1371,0.0,0.0,0.0,0.0
chronological,ids2017,ids2018,lightgbm,0.9263,0.0,0.1527,0.0,0.1806,0.0,0.0
chronological,ids2017,ids2018,logistic_regression,0.918,0.0,0.083,0.0924,0.0,0.0,0.0
chronological,ids2017,ids2018,mlp,0.9243,0.0099,0.1381,0.0,0.0,0.0,0.0
chronological,ids2017,ids2018,random_forest,0.9253,0.0,0.144,0.0,0.0,0.0,0.0
chronological,ids2017,ids2018,stacking,0.9253,0.0,0.1441,0.0,0.0008,0.0,0.0
chronological,ids2017,ids2018,xgboost,0.9253,0.0,0.1406,0.0,0.0,0.0,0.0
chronological,ids2018,ids2017,catboost,0.9263,0.3335,0.6738,0.0046,0.0,0.0,0.0426
chronological,ids2018,ids2017,lightgbm,0.9416,0.0321,0.6984,0.8888,0.9431,0.0,0.0
chronological,ids2018,ids2017,logistic_regression,0.9359,0.0529,0.2079,0.7367,0.0,0.0,0.0
chronological,ids2018,ids2017,mlp,0.9326,0.0012,0.2738,0.9145,0.0,0.0,0.0122
chronological,ids2018,ids2017,random_forest,0.9087,0.0014,0.216,0.0042,0.0,0.0,0.0
chronological,ids2018,ids2017,stacking,0.9507,0.6195,0.6397,0.8831,0.9358,0.0,0.0
chronological,ids2018,ids2017,xgboost,0.8781,0.0291,0.4857,0.9017,0.7649,0.0,0.0037
chronological,ids2018,ids2018,catboost,0.9923,0.9993,0.9814,0.9665,0.9991,0.0663,0.0
chronological,ids2018,ids2018,lightgbm,0.9917,0.9998,0.9784,0.9665,0.9975,0.15,0.3333
chronological,ids2018,ids2018,logistic_regression,0.9868,0.9667,0.9489,0.9647,0.8914,0.0086,0.0
chronological,ids2018,ids2018,mlp,0.9908,0.9962,0.9505,0.9662,0.993,0.0357,0.0
chronological,ids2018,ids2018,random_forest,0.9906,0.9941,0.9521,0.9674,0.9935,0.1043,0.0
chronological,ids2018,ids2018,stacking,0.9918,0.9927,0.9776,0.9674,0.9979,0.0,0.0
chronological,ids2018,ids2018,xgboost,0.9913,0.9998,0.9667,0.9669,0.9993,0.1461,0.3333
random,ids2017,ids2017,catboost,0.9995,0.9995,0.9983,0.9993,0.9619,0.8336,0.9943
random,ids2017,ids2017,lightgbm,0.9995,0.9997,0.9983,0.9995,0.9535,0.8967,0.9956
random,ids2017,ids2017,logistic_regression,0.9849,0.9826,0.9428,0.9674,0.036,0.3111,0.0636
random,ids2017,ids2017,mlp,0.9935,0.9917,0.9754,0.9821,0.7442,0.6842,0.7995
random,ids2017,ids2017,random_forest,0.9989,0.9989,0.9958,0.9992,0.9337,0.7832,0.9865
random,ids2017,ids2017,stacking,0.9994,0.9996,0.9972,0.9995,0.9497,0.8714,0.994
random,ids2017,ids2017,xgboost,0.9995,0.9996,0.9983,0.9996,0.9605,0.8548,0.9952
random,ids2017,ids2018,catboost,0.9281,0.0,0.392,0.0285,0.0,0.0,0.0
random,ids2017,ids2018,lightgbm,0.9323,0.0,0.4811,0.8804,0.0004,0.0,0.0
random,ids2017,ids2018,logistic_regression,0.9096,0.0,0.0284,0.0002,0.0,0.0,0.0
random,ids2017,ids2018,mlp,0.9293,0.0034,0.1182,0.0109,0.0,0.0,0.0
random,ids2017,ids2018,random_forest,0.9328,0.0,0.0732,0.0152,0.0,0.0,0.0667
random,ids2017,ids2018,stacking,0.9399,0.0,0.3288,0.9164,0.0,0.0,0.0
random,ids2017,ids2018,xgboost,0.93,0.0241,0.2393,0.9072,0.0729,0.0,0.0
random,ids2018,ids2017,catboost,0.9161,0.0059,0.5909,0.0082,0.0,0.0,0.0012
random,ids2018,ids2017,lightgbm,0.9196,0.002,0.4737,0.4435,0.5973,0.0,0.0
random,ids2018,ids2017,logistic_regression,0.9015,0.0401,0.0993,0.3713,0.0,0.0,0.0002
random,ids2018,ids2017,mlp,0.9048,0.0008,0.1328,0.4337,0.0,0.0006,0.0033
random,ids2018,ids2017,random_forest,0.9078,0.002,0.1119,0.0994,0.0,0.0,0.0
random,ids2018,ids2017,stacking,0.8726,0.0072,0.4902,0.4414,0.359,0.0,0.0
random,ids2018,ids2017,xgboost,0.9036,0.0012,0.4664,0.4515,0.4137,0.0,0.0019
random,ids2018,ids2018,catboost,0.9935,0.9998,0.9961,0.9858,0.9984,0.0894,0.1333
random,ids2018,ids2018,lightgbm,0.9932,0.9999,0.9965,0.9835,0.9993,0.1287,0.5119
random,ids2018,ids2018,logistic_regression,0.9877,0.9553,0.9917,0.9825,0.9055,0.0184,0.1587
random,ids2018,ids2018,mlp,0.9928,0.9962,0.9935,0.9876,0.9945,0.043,0.1333
random,ids2018,ids2018,random_forest,0.9931,0.9978,0.9962,0.9851,0.9939,0.0948,0.1333
random,ids2018,ids2018,stacking,0.9934,0.9999,0.9961,0.9839,0.9991,0.0,0.0
random,ids2018,ids2018,xgboost,0.9933,0.9998,0.9964,0.9834,0.9988,0.1258,0.4452
