model,direction,class,eligible,G,null_mean,null_sd,null_p5,null_p25,null_median,null_p75,null_p95,null_p99,z,percentile,n_null_at_or_above_G,p,verdict
lightgbm,ids2017->ids2018,DDoS,True,-0.021,-0.002,0.1127,-0.1918,-0.0757,0.0008,0.0752,0.1786,0.2442,-0.1681,42.55,1149.0,0.5747,not supported
lightgbm,ids2017->ids2018,DoS,True,0.0663,0.0022,0.127,-0.2065,-0.0854,0.0054,0.0919,0.2091,0.2781,0.5045,68.0,640.0,0.3203,not supported
lightgbm,ids2017->ids2018,Brute Force,False,,,,,,,,,,,,,,
lightgbm,ids2017->ids2018,Bot,False,-0.0114,-0.0055,0.1084,-0.1888,-0.0739,-0.0038,0.0563,0.1853,0.2416,-0.0549,45.7,1086.0,0.5432,
lightgbm,ids2017->ids2018,Infiltration,False,0.0089,-0.0,0.1056,-0.1773,-0.0707,0.0005,0.0716,0.1723,0.2406,0.0851,52.9,942.0,0.4713,
lightgbm,ids2017->ids2018,Web Attack,True,-0.0122,-0.0052,0.1774,-0.3314,-0.1346,0.0294,0.125,0.2428,0.3082,-0.0394,41.45,1171.0,0.5857,not supported
lightgbm,ids2018->ids2017,DDoS,True,0.1897,0.0043,0.1057,-0.1617,-0.0721,0.0009,0.0752,0.1844,0.2572,1.7555,95.55,89.0,0.045,
lightgbm,ids2018->ids2017,DoS,True,0.0353,0.0046,0.1095,-0.1648,-0.0731,-0.0018,0.0783,0.1959,0.2734,0.2811,63.05,739.0,0.3698,
lightgbm,ids2018->ids2017,Brute Force,False,0.0156,-0.0009,0.0872,-0.1377,-0.0599,-0.0058,0.0541,0.151,0.2111,0.1902,60.05,799.0,0.3998,
lightgbm,ids2018->ids2017,Bot,False,0.3077,0.0029,0.1627,-0.2776,-0.1033,0.0089,0.1169,0.2563,0.3548,1.8741,97.5,50.0,0.0255,
lightgbm,ids2018->ids2017,Infiltration,False,-0.006,0.0002,0.0946,-0.1541,-0.0637,-0.0021,0.0631,0.1571,0.2271,-0.0659,48.4,1032.0,0.5162,
lightgbm,ids2018->ids2017,Web Attack,True,0.2583,-0.0034,0.1389,-0.2043,-0.105,-0.0211,0.0863,0.2525,0.3387,1.8836,95.2,96.0,0.0485,
random_forest,ids2017->ids2018,DDoS,True,-0.1877,-0.0013,0.1209,-0.1941,-0.0858,-0.0053,0.0822,0.2025,0.2797,-1.5415,5.85,1883.0,0.9415,not supported
random_forest,ids2017->ids2018,DoS,True,-0.1067,0.0023,0.126,-0.2191,-0.0815,0.0145,0.0991,0.183,0.2426,-0.8657,19.4,1612.0,0.8061,not supported
random_forest,ids2017->ids2018,Brute Force,False,,,,,,,,,,,,,,
random_forest,ids2017->ids2018,Bot,True,-0.3449,-0.0023,0.1655,-0.2873,-0.1099,0.0192,0.1147,0.2456,0.321,-2.0706,3.05,1939.0,0.9695,not supported
random_forest,ids2017->ids2018,Infiltration,False,-0.0619,0.0022,0.1192,-0.2008,-0.0748,0.009,0.0895,0.1886,0.2377,-0.5376,28.35,1433.0,0.7166,
random_forest,ids2017->ids2018,Web Attack,True,-0.2358,-0.008,0.2154,-0.4297,-0.0984,0.0569,0.1424,0.2489,0.3226,-1.0576,21.15,1577.0,0.7886,not supported
random_forest,ids2018->ids2017,DDoS,True,-0.1269,-0.0002,0.1121,-0.204,-0.0758,0.0198,0.0837,0.1578,0.1972,-1.1304,15.25,1695.0,0.8476,
random_forest,ids2018->ids2017,DoS,True,-0.0423,-0.0001,0.1483,-0.2684,-0.1015,0.0125,0.1057,0.2317,0.3061,-0.2844,38.25,1235.0,0.6177,
random_forest,ids2018->ids2017,Brute Force,True,-0.1344,0.0061,0.2132,-0.3985,-0.1301,0.0507,0.1687,0.2867,0.3704,-0.6592,24.75,1505.0,0.7526,
random_forest,ids2018->ids2017,Bot,True,-0.1582,0.001,0.2865,-0.5609,-0.1294,0.084,0.204,0.3469,0.4329,-0.5558,23.4,1532.0,0.7661,
random_forest,ids2018->ids2017,Infiltration,False,-0.1354,-0.0001,0.1201,-0.215,-0.0863,0.014,0.0882,0.1753,0.2361,-1.1258,15.15,1697.0,0.8486,
random_forest,ids2018->ids2017,Web Attack,True,-0.2787,0.0001,0.1542,-0.3074,-0.0571,0.0482,0.1081,0.1805,0.226,-1.8086,8.05,1839.0,0.9195,
xgboost,ids2017->ids2018,DDoS,True,-0.0737,0.0008,0.089,-0.1633,-0.048,0.0036,0.0618,0.1395,0.1983,-0.8379,17.95,1641.0,0.8206,not supported
xgboost,ids2017->ids2018,DoS,True,0.0968,0.0018,0.0971,-0.1605,-0.064,0.0026,0.0712,0.1611,0.2257,0.9789,83.3,334.0,0.1674,not supported
xgboost,ids2017->ids2018,Brute Force,False,,,,,,,,,,,,,,
xgboost,ids2017->ids2018,Bot,False,-0.074,-0.0022,0.087,-0.1495,-0.0617,0.0083,0.0578,0.1319,0.1815,-0.8256,22.15,1557.0,0.7786,
xgboost,ids2017->ids2018,Infiltration,False,0.082,0.0009,0.1168,-0.1932,-0.078,0.0031,0.0839,0.1895,0.2605,0.695,74.6,508.0,0.2544,
xgboost,ids2017->ids2018,Web Attack,True,-0.0118,-0.0029,0.1239,-0.2088,-0.0894,0.0023,0.0794,0.195,0.2778,-0.072,46.25,1075.0,0.5377,not supported
xgboost,ids2018->ids2017,DDoS,True,0.1028,0.0021,0.0877,-0.1374,-0.0594,-0.0051,0.0637,0.1508,0.2057,1.1476,86.0,280.0,0.1404,
xgboost,ids2018->ids2017,DoS,True,0.0392,0.0028,0.0746,-0.1206,-0.0481,0.0032,0.0535,0.1296,0.1764,0.4882,68.8,624.0,0.3123,
xgboost,ids2018->ids2017,Brute Force,False,0.2113,-0.0007,0.1176,-0.1805,-0.0807,-0.0087,0.0672,0.2162,0.2882,1.8029,94.55,109.0,0.055,
xgboost,ids2018->ids2017,Bot,True,0.2248,0.0001,0.1381,-0.2126,-0.0965,-0.012,0.0923,0.2491,0.3301,1.6269,93.05,139.0,0.07,
xgboost,ids2018->ids2017,Infiltration,False,-0.0743,0.0004,0.0656,-0.1031,-0.0443,-0.0003,0.0451,0.112,0.1513,-1.1388,12.95,1741.0,0.8706,
xgboost,ids2018->ids2017,Web Attack,True,0.1693,-0.0011,0.0907,-0.1365,-0.0711,-0.0076,0.0583,0.1591,0.2228,1.8779,95.65,87.0,0.044,
catboost,ids2017->ids2018,DDoS,True,0.0874,0.0019,0.0877,-0.1334,-0.06,-0.003,0.0613,0.1534,0.2173,0.9745,83.05,339.0,0.1699,not supported
catboost,ids2017->ids2018,DoS,True,0.1774,0.0026,0.1174,-0.1963,-0.0749,0.0036,0.0856,0.1974,0.2598,1.4891,93.7,126.0,0.0635,not supported
catboost,ids2017->ids2018,Brute Force,False,-0.3659,-0.0021,0.1396,-0.2529,-0.099,0.02,0.0995,0.1979,0.2673,-2.6064,0.55,1989.0,0.9945,
catboost,ids2017->ids2018,Bot,False,-0.0374,-0.0026,0.0899,-0.1714,-0.0488,0.0174,0.0537,0.1278,0.1578,-0.388,27.55,1449.0,0.7246,
catboost,ids2017->ids2018,Infiltration,False,-0.2017,-0.0033,0.167,-0.2745,-0.1281,0.0141,0.1045,0.2602,0.3428,-1.1881,14.7,1706.0,0.8531,
catboost,ids2017->ids2018,Web Attack,True,-0.114,-0.0069,0.1895,-0.3801,-0.0615,0.052,0.1201,0.2188,0.2783,-0.5647,23.85,1523.0,0.7616,not supported
catboost,ids2018->ids2017,DDoS,True,-0.1281,-0.0014,0.0945,-0.1799,-0.0582,0.0097,0.0676,0.1369,0.1756,-1.3401,11.8,1764.0,0.8821,
catboost,ids2018->ids2017,DoS,True,-0.0437,0.0027,0.1161,-0.2003,-0.0731,0.0085,0.0809,0.1909,0.2601,-0.3995,33.4,1332.0,0.6662,
catboost,ids2018->ids2017,Brute Force,True,-0.09,0.0049,0.1227,-0.2136,-0.0813,0.0269,0.0982,0.1783,0.2197,-0.7738,22.6,1548.0,0.7741,
catboost,ids2018->ids2017,Bot,True,-0.2029,-0.0009,0.1577,-0.2863,-0.1016,0.0138,0.1137,0.2294,0.3058,-1.2817,11.65,1767.0,0.8836,
catboost,ids2018->ids2017,Infiltration,False,-0.1773,-0.0004,0.0744,-0.1308,-0.051,0.0058,0.0529,0.114,0.1499,-2.3752,1.2,1976.0,0.988,
catboost,ids2018->ids2017,Web Attack,True,-0.1013,-0.0011,0.1075,-0.216,-0.0446,0.0173,0.0733,0.1452,0.1942,-0.932,18.75,1625.0,0.8126,
