feature,attack_xgboost_ids2017_share,attack_xgboost_ids2017_carries,attack_xgboost_ids2018_share,attack_xgboost_ids2018_carries,role_xgboost_shap,attack_catboost_ids2017_share,attack_catboost_ids2017_carries,attack_catboost_ids2018_share,attack_catboost_ids2018_carries,role_catboost_shap,attack_random_forest_ids2017_share,attack_random_forest_ids2017_carries,attack_random_forest_ids2018_share,attack_random_forest_ids2018_carries,role_random_forest_shap
Destination Port,0.23374847,True,0.21202643,True,entangled,0.288815925061708,True,0.1808021213963073,True,entangled,0.08196838094449824,True,0.10689178918367626,True,entangled
Flow Duration,0.016009785,False,0.016898816,False,neither,0.0097710875779998,False,0.0166686191287145,False,neither,0.007777686765917248,False,0.015330625213728868,False,neither
Total Fwd Packets,0.0025537538,False,0.016235039,False,neither,0.0066906468775134,False,0.0066397321345244,False,neither,0.013582831446672616,False,0.02804187360076698,True,attack only
Total Backward Packets,0.0077835275,False,0.009987982,False,neither,0.0043755702397492,False,0.0080544014525654,False,neither,0.01697269049128854,False,0.017417537241464384,True,attack only
Total Length of Fwd Packets,0.017746942,False,0.015807744,False,fingerprint only,0.0100576557433171,False,0.0131605156763393,False,fingerprint only,0.031151313278193628,True,0.04260954471772975,True,entangled
Total Length of Bwd Packets,0.0075463452,False,0.00579893,False,fingerprint only,0.0097327611394706,False,0.0099372617230826,False,fingerprint only,0.038553552955383825,True,0.02062311858609896,True,entangled
Fwd Packet Length Max,0.04030713,True,0.011488432,False,attack only,0.0161375066066916,False,0.0189178709334098,False,neither,0.040580337442062506,True,0.029831276673747388,True,attack only
Fwd Packet Length Min,0.0019584694,False,0.005486978,False,fingerprint only,0.0054130537774276,False,0.0011375184874328,False,fingerprint only,0.004663950627254469,False,0.0012680649223651842,False,fingerprint only
Fwd Packet Length Mean,0.020788396,True,0.018360123,False,attack only,0.0148824041175351,False,0.0183745075542044,True,attack only,0.029446703061325952,True,0.020952002254280927,True,attack only
Fwd Packet Length Std,0.0069825277,False,0.0069012986,False,neither,0.0058090825540423,False,0.0138810410658381,False,neither,0.022251473618536403,True,0.01562157904007469,False,attack only
Bwd Packet Length Max,0.0058632987,False,0.0073335343,False,neither,0.0107067995598197,False,0.0134297530930275,False,neither,0.03501667630632066,True,0.021225945080756703,True,attack only
Bwd Packet Length Min,0.008362035,False,0.0015975153,False,fingerprint only,0.0052342004188064,False,0.0061066832217414,False,fingerprint only,0.011305586809884319,False,0.002090279533738912,False,fingerprint only
Bwd Packet Length Mean,0.026785161,True,0.0057318513,False,entangled,0.0238003552988038,True,0.0119946028244444,False,entangled,0.05601978512020941,True,0.03255087714205268,True,entangled
Bwd Packet Length Std,0.029965088,True,0.012882347,False,entangled,0.0389370105115066,True,0.0150553037387497,False,entangled,0.07141771124575126,True,0.048633482101669796,True,entangled
Flow Bytes/s,0.019877635,True,0.013641657,False,attack only,0.0109596537622993,False,0.0151678157435763,False,neither,0.0033974140532839737,False,0.01170566106160065,False,neither
Flow Packets/s,0.008765304,False,0.010985648,False,neither,0.0085177797775551,False,0.0136752182788261,False,neither,0.006712890227728659,False,0.01283676542444587,False,neither
Flow IAT Mean,0.013895589,False,0.013926091,False,neither,0.0070742628634062,False,0.0153599701095712,False,neither,0.012247640707683655,False,0.01692094064308196,False,neither
Flow IAT Std,0.008076755,False,0.015276073,False,neither,0.0104876727976113,False,0.0206914744329842,True,attack only,0.017453060237800612,True,0.009396039795482859,False,attack only
Flow IAT Max,0.013657349,False,0.017078605,False,neither,0.0084638555161907,False,0.0152702248920148,False,neither,0.016157360479966538,False,0.012029990128776577,False,neither
Flow IAT Min,0.03567372,True,0.032676753,True,entangled,0.0302814749188099,True,0.0466824390004798,True,entangled,0.00476104985562723,False,0.014589579985404829,False,fingerprint only
Fwd IAT Total,0.014946004,False,0.020021895,True,attack only,0.008450482544711,False,0.0144987285800422,False,neither,0.012407473850427387,False,0.020406802360842795,True,attack only
Fwd IAT Mean,0.012583981,False,0.013627382,False,neither,0.0120484443920038,False,0.0183188823062771,False,neither,0.02034966602508086,True,0.01778837780748142,False,attack only
Fwd IAT Std,0.012923801,False,0.02787658,True,entangled,0.0144893759118627,False,0.0140468255155768,False,fingerprint only,0.027861309040239302,True,0.018039990657731993,True,entangled
Fwd IAT Max,0.01208968,False,0.011213119,False,neither,0.0088569664775817,False,0.0159363616654327,False,neither,0.01483532544418394,False,0.014918706066084341,False,neither
Fwd IAT Min,0.03813585,True,0.02595908,True,entangled,0.0189721800439786,True,0.0339601947248493,True,entangled,0.012885326884665881,False,0.010981843704347235,False,fingerprint only
Bwd IAT Total,0.003910822,False,0.0037633725,False,neither,0.0069401157530032,False,0.005854485813173,False,neither,0.005331192687584962,False,0.008251711694283601,False,neither
Bwd IAT Mean,0.0027835988,False,0.002259418,False,neither,0.0055483049108142,False,0.0057075562347181,False,neither,0.005070717896744624,False,0.006451884543054301,False,neither
Bwd IAT Std,0.011393717,False,0.0027095242,False,neither,0.0139634701184372,False,0.0050292104174436,False,neither,0.006991102117081702,False,0.013275730673775707,False,neither
Bwd IAT Max,0.0040702946,False,0.004650441,False,fingerprint only,0.0070608943890776,False,0.0048743730563788,False,fingerprint only,0.00521934835302287,False,0.006825616382686503,False,fingerprint only
Bwd IAT Min,0.005472971,False,0.0042653913,False,fingerprint only,0.0076858172232288,False,0.014001656723326,False,fingerprint only,0.005886518002037356,False,0.008664839207874286,False,fingerprint only
Fwd PSH Flags,0.0021230676,False,0.00039500877,False,neither,0.0008865367445019,False,0.0004174878150922,False,neither,0.004696072283036045,False,0.0005794523590588222,False,neither
Fwd URG Flags,0.0,False,4.00382e-05,False,neither,1.0807522613585034e-05,False,3.07595347953921e-05,False,neither,3.879076585940032e-07,False,6.050102256844475e-05,False,neither
Fwd Header Length,0.014952578,False,0.03106367,True,entangled,0.028751206961698,True,0.017814068507668,False,entangled,0.0205030745011782,True,0.034344185455649906,True,entangled
Bwd Header Length,0.00954213,False,0.0056366757,False,neither,0.008420709115785,False,0.0112622938584101,False,neither,0.023685446971073425,True,0.02122733347904534,True,attack only
Fwd Packets/s,0.008688563,False,0.012842285,False,neither,0.0078070483854887,False,0.0151679602156782,False,neither,0.003943833319192836,False,0.012421317254279144,False,neither
Bwd Packets/s,0.024888482,True,0.043493684,True,entangled,0.014599062515849,False,0.0194090287900134,True,entangled,0.01221361449554011,False,0.021733086675945947,True,entangled
Min Packet Length,0.011398608,False,0.004483882,False,fingerprint only,0.0147843768163271,False,0.002282219455992,False,fingerprint only,0.009498810362716381,False,0.0020862146510013803,False,fingerprint only
Max Packet Length,0.008870678,False,0.008122595,False,fingerprint only,0.0092041173997948,False,0.0145017864638091,False,fingerprint only,0.034947846231085954,True,0.01698197700161431,True,entangled
Packet Length Mean,0.005999881,False,0.009466546,False,fingerprint only,0.0077036092873836,False,0.0119386591562381,False,fingerprint only,0.03695303769658545,True,0.012076166482141888,False,entangled
Packet Length Std,0.0056253276,False,0.007878969,False,neither,0.0097426781176034,False,0.0125580526537385,False,neither,0.04758383912897725,True,0.020221946776923176,True,attack only
FIN Flag Count,0.0027010366,False,0.0036888295,False,fingerprint only,0.0033595475744326,False,0.0004490770715716,False,fingerprint only,0.00425006009259375,False,0.0004552881658937337,False,fingerprint only
RST Flag Count,0.0,False,0.020903984,False,fingerprint only,0.0,False,0.0314240524355593,True,entangled,1.184065573855395e-06,False,0.030169210239308707,True,entangled
PSH Flag Count,0.0019026182,False,0.0031160242,False,fingerprint only,0.0046019823037103,False,0.0065975058900895,False,fingerprint only,0.0024605920024103932,False,0.005839398008440267,False,fingerprint only
ACK Flag Count,0.007250043,False,0.0057863165,False,neither,0.0046645081493753,False,0.0215140571961712,True,attack only,0.0028451223638834124,False,0.017181771628689942,True,attack only
URG Flag Count,0.01231922,False,0.0019234648,False,neither,0.0067682016843284,False,0.000499779240385,False,neither,0.0030841373762888267,False,0.002809406268710524,False,neither
ECE Flag Count,0.0,False,0.009458708,False,fingerprint only,4.282034715272941e-07,False,0.0439291482217993,True,entangled,1.735703264670492e-07,False,0.03264777460260345,True,entangled
Down/Up Ratio,0.0023287013,False,0.0013885977,False,neither,0.0068678524226232,False,0.0044621790925191,False,neither,0.0022118724846309687,False,0.00323946962891348,False,neither
Average Packet Size,0.00931642,False,0.018236674,False,fingerprint only,0.0127590470547174,False,0.0174311430696801,False,fingerprint only,0.03846925080376377,True,0.011931281685821474,False,entangled
Init_Win_bytes_forward,0.080170885,True,0.09990281,True,entangled,0.0817418198454034,True,0.0646040339342402,True,entangled,0.01569576997306398,False,0.04078820270266575,True,entangled
Init_Win_bytes_backward,0.06874968,True,0.020584445,True,entangled,0.0529399889191314,True,0.0277376874451788,True,entangled,0.027282903610656307,True,0.017368076729446506,False,entangled
act_data_pkt_fwd,0.008136762,False,0.012614396,False,fingerprint only,0.0148407724346184,False,0.0057484242615427,False,fingerprint only,0.01572927877894157,False,0.010752890771718319,False,fingerprint only
min_seg_size_forward,0.040814318,True,0.083647385,True,entangled,0.054074794053852,True,0.0389694225582575,True,entangled,0.011033613624157335,False,0.048868963780490694,True,entangled
Active Mean,0.001416893,False,0.0011528557,False,neither,0.0009992711761347,False,0.0025537587379499,False,neither,0.004310395136075056,False,0.0012725092882170195,False,neither
Active Std,0.00022728753,False,0.0012133674,False,neither,0.000525460712853,False,0.0012097824912157,False,neither,0.0006531654700174163,False,0.0003350400192012192,False,neither
Active Max,0.0012555908,False,0.0008508301,False,neither,0.0006606397763773,False,0.0020150144848984,False,neither,0.004775306268975665,False,0.0014165464374472016,False,neither
Active Min,0.0039203777,False,0.0009635668,False,neither,0.0012033309729492,False,0.0020027336427747,False,neither,0.004883789935017223,False,0.0013296331688480735,False,neither
Idle Mean,0.009864479,False,0.0036415488,False,neither,0.0073758615217673,False,0.0071180241368319,False,neither,0.00952672582692702,False,0.007830620933561683,False,neither
Idle Std,0.00038318118,False,0.011091886,False,neither,0.000534662568668,False,0.0014602053355303,False,neither,0.0005214982693340031,False,0.0006380935185742447,False,neither
Idle Max,0.005732468,False,0.004596024,False,neither,0.0054959801089024,False,0.0096675513670731,False,neither,0.009838961053252025,False,0.007839172987845274,False,neither
Idle Min,0.00676274,False,0.0053468444,False,neither,0.0085108867646734,False,0.0119887530102422,False,neither,0.01012416042060814,False,0.009381992846267692,False,neither
