feature,Benign,DDoS,DoS,Brute Force,Bot,Web Attack
Destination Port,0.06844742443744453,0.0,0.0,0.0006019681200803303,2.040202489530715e-05,0.0005710694828993201
Flow Duration,0.005502993207615521,0.0022266495234836503,0.00109826342946238,0.008585611914659144,0.00015401126965924137,0.0011918616909928086
Total Fwd Packets,0.007430757296541436,0.0020688679617388425,0.005858571296303372,0.007886479640780368,0.013669955812174067,0.001361298638280863
Total Backward Packets,0.0019486131069260879,0.0002630560887713244,0.015624814930388933,0.00013943699669960663,0.00764903320162838,9.955877925576495e-05
Total Length of Fwd Packets,0.004854486320890239,0.08294147102217278,0.0017829294985225266,0.0036041584616382976,0.000678850242721164,0.0026593088300204256
Total Length of Bwd Packets,0.0033460287075586514,0.07077461623303104,0.050200069693697655,0.0,0.0006086888593920743,4.551889093728227e-06
Fwd Packet Length Max,0.006034298059057577,0.009759377562455766,0.0006369735262891881,0.0008224843729239409,0.00014827886809258916,0.010287691256330634
Fwd Packet Length Min,0.08731674648056484,0.030769870061973802,0.0071666845734315015,0.0,0.0001275183352055387,0.0
Fwd Packet Length Mean,0.006404752749118142,0.0025910547176730145,0.002517588158569635,0.0002723037124435843,0.0,0.00027083478981248485
Fwd Packet Length Std,0.011674014107058876,0.0031084355869645426,0.0014759045822951434,6.579423584098064e-05,0.0,0.0
Bwd Packet Length Max,0.005033242473805591,0.013092644175944104,0.018079519762240013,0.0,0.00011563123244585753,0.00037634473897700467
Bwd Packet Length Min,0.05141792498782719,0.0,0.0,0.0,0.0199806890927235,0.0
Bwd Packet Length Mean,0.0029412237255203003,0.002538723475214169,0.0035079613863643272,0.28173987073454715,8.015989196870007e-06,0.0
Bwd Packet Length Std,0.0023148242679586826,0.00048719299644176244,0.0005639562821920079,0.05191570653794362,0.0,0.0019119873819422515
Flow Bytes/s,0.007293014025308975,0.0010046262059985429,0.009066733592457603,0.0038119805298792143,0.00019870909861180436,0.002265817112804943
Flow Packets/s,0.004511069646575516,0.00011133267414173396,0.0035414721009471586,0.0052281888405635,0.0029620795885207545,0.000981683406169337
Flow IAT Mean,0.005279392758833312,0.00011511676647836724,0.012421830611953072,0.015215788626460908,0.00039087417459241793,0.00034668791483215804
Flow IAT Std,0.002579052872052344,0.013598559218200726,0.0016962448376130236,0.001439274420914068,0.0,0.0027753671627712647
Flow IAT Max,0.008043210417028476,0.00018255420689994967,0.00044911970865102485,0.004596804164540168,0.002711341696958674,0.002235387017366862
Flow IAT Min,0.042371366706572294,3.753284116236775e-06,0.008175372496306333,0.018413230399012298,2.417397381657331e-05,0.0014826989032561825
Fwd IAT Total,0.007297323628300193,0.00212877491460143,0.00048391033287120585,0.0034308156534997095,0.007370369452314304,0.0002849699823507451
Fwd IAT Mean,0.005124872983623538,0.001990524385936124,0.0044300785624663015,0.00553829207891574,0.00048130019929683743,4.610675009816637e-05
Fwd IAT Std,0.004777496634016423,0.07159190942936329,0.005062733146378723,0.006940126781971573,0.0,4.5063604588980414e-05
Fwd IAT Max,0.005746918231009573,7.557469475696674e-05,0.0018011872653032814,0.002148242016183908,0.003999426259477013,9.190289716901496e-06
Fwd IAT Min,0.045844328707969284,0.0,0.02340105842310413,0.00025866213319222065,9.280791440489027e-05,0.00439428162468006
Bwd IAT Total,0.0031431404172326287,0.0,0.00374703790823774,0.0030307524431545307,0.009775575180149841,0.00022529539393066609
Bwd IAT Mean,0.0017289637103804836,0.0001375109175182232,0.0014402186843734237,0.0011124954424468118,0.00024527237401910333,0.0018975930161992279
Bwd IAT Std,0.0020620897798095464,0.0,0.0023681676872591402,0.0018802123115826501,0.000285119812626477,0.00048272070727746485
Bwd IAT Max,0.0023225533976092227,0.0,0.0001747977166073489,0.0012419098794738317,0.017262805661637286,0.00043383768712306115
Bwd IAT Min,0.027831772035671526,6.913572167548492e-05,0.0021060470837062683,0.01254058534524508,0.0,0.00038155927587624265
Fwd PSH Flags,0.003906270100600973,0.0,1.3842860923202224e-05,0.003032881531510412,0.0,0.0
Fwd URG Flags,0.0,0.0,0.0,0.0,0.0,0.0
Fwd Header Length,0.03280498729791997,7.787257932992295e-06,0.0016909532128492738,0.0011683674724844192,0.000587816436410703,0.006434538336678573
Bwd Header Length,0.020751894163605105,0.0,0.006836614021200019,0.0007271540741026246,0.0021791355544500237,0.0021272537865197356
Fwd Packets/s,0.008249854757454511,5.1439094934209165e-06,0.01162088227726925,0.0029007369500707427,2.9449016563535424e-05,0.0005190073589473958
Bwd Packets/s,0.006649158417466214,3.1274506025500066e-05,0.008200863135762283,0.07789660557687414,0.0013052227557102155,0.006929294457519912
Min Packet Length,0.05935600475108338,0.006417854340039858,0.0,0.0,0.0,0.0
Max Packet Length,0.03919703023234079,0.003962135969518712,0.06342525664932616,6.991200578617627e-06,0.008741853722344501,3.320712010591169e-05
Packet Length Mean,0.0026495259751316827,0.00047289246422682114,0.024158863372956703,0.16286566871935979,0.014341996793086693,0.01686639183397578
Packet Length Std,0.008366992658420686,0.00015222525170797006,0.00086196636003224,0.005515925059498935,0.0,5.973705233625146e-06
FIN Flag Count,7.691468080039599e-05,0.0,0.023384248424697704,0.0,0.0,0.0
RST Flag Count,0.0553349808936197,0.03228664295017048,0.0,0.0,0.6983175273340217,0.0033799137530442997
PSH Flag Count,0.011181896732907523,0.0,0.0405662474626138,0.01225541705097435,0.0,0.0
ACK Flag Count,0.0030340709482576224,0.00012040378849991478,0.005686813366309264,0.0032577004836047674,0.0,1.949938926300016e-05
URG Flag Count,0.0024676892832960666,0.0,0.0006442548353930446,0.001347411744143418,0.0,0.00013780022869404836
ECE Flag Count,0.014965780722271596,0.008561454377074243,0.0,0.0,0.1127264729718785,0.000582033940735075
Down/Up Ratio,0.0009726651724801677,3.162360963027263e-05,0.00011748417995014974,0.002738310665935367,0.0,4.331085010055359e-06
Average Packet Size,0.004671547698405986,5.738405980520418e-05,0.0930679621266645,0.02538686463197746,0.0035067276636563172,0.0034957631205953786
Init_Win_bytes_forward,0.03419996034268793,0.027273962224710978,0.19422619173004024,0.07088970971807315,0.0,0.10058964695348722
Init_Win_bytes_backward,0.02655297128232322,0.13698085000205704,0.2997397983010316,0.18754907932621856,0.04957531683302242,0.09113582703170645
act_data_pkt_fwd,0.032082146629641164,0.4714921432844389,0.017024995588301388,0.0,0.006830175436214003,0.0
min_seg_size_forward,0.17663793501567476,7.117396157160295e-05,0.010902550977145117,0.0,0.012897375168080757,0.7307167505718359
Active Mean,0.0008690861140051995,0.00026662252814933687,0.00039216016348446545,0.0,0.0,0.0
Active Std,0.00028567472807339674,0.0,0.0003776093700886972,0.0,0.0,0.0
Active Max,0.0006467684146296713,0.00012128124428766388,0.00022567173754107893,0.0,0.0,0.0
Active Min,0.003926267141011691,3.045739016533338e-05,0.0010441071094756387,0.0,0.0,0.0
Idle Mean,0.001450409434026439,2.5084679614195086e-05,0.0009715653136041693,0.0,0.0,0.0
Idle Std,0.0006087385515458096,0.0,0.00010268923080729204,0.0,0.0,0.0
Idle Max,0.005751731320326427,2.7037532767277286e-07,0.004131090123892092,0.0,0.0,0.0
Idle Min,0.0017271506601109446,0.0,0.0017060707906481954,0.0,0.0,0.0
