mode,train,test,model,role,n_seeds,f1_macro,f1_macro_sd,f1_macro_min,f1_macro_max,f1_macro_measurable,f1_macro_measurable_sd,baseline_f1_macro,recovered_pct
chronological,ids2017,ids2017,catboost,ceiling,5,0.7161,0.005,0.7119,0.7222,0.6938,0.0007,0.1294,
chronological,ids2017,ids2017,lightgbm,ceiling,5,0.7325,0.0008,0.7317,0.7333,0.6879,0.0009,0.1294,
chronological,ids2017,ids2017,logistic_regression,ceiling,5,0.405,0.0,0.405,0.405,0.4725,0.0,0.1294,
chronological,ids2017,ids2017,mlp,ceiling,5,0.586,0.0321,0.5344,0.6158,0.6191,0.0046,0.1294,
chronological,ids2017,ids2017,random_forest,ceiling,5,0.6652,0.0109,0.6488,0.6796,0.6813,0.0007,0.1294,
chronological,ids2017,ids2017,stacking,ceiling,5,0.7219,0.0036,0.7198,0.7284,0.6921,0.0004,0.1294,
chronological,ids2017,ids2017,xgboost,ceiling,5,0.7172,0.005,0.7117,0.7254,0.6866,0.0026,0.1294,
chronological,ids2017,ids2018,catboost,transfer,5,0.1726,0.0009,0.1711,0.1734,0.1726,0.0009,0.1337,5.4
chronological,ids2017,ids2018,lightgbm,transfer,5,0.2058,0.0641,0.1766,0.3204,0.2058,0.0641,0.1337,9.9
chronological,ids2017,ids2018,logistic_regression,transfer,5,0.1508,0.0,0.1508,0.1508,0.1508,0.0,0.1337,2.8
chronological,ids2017,ids2018,mlp,transfer,5,0.1755,0.0014,0.1735,0.1773,0.1755,0.0014,0.1337,6.1
chronological,ids2017,ids2018,random_forest,transfer,5,0.1717,0.0001,0.1716,0.1719,0.1717,0.0001,0.1337,5.4
chronological,ids2017,ids2018,stacking,transfer,5,0.1715,0.0007,0.1706,0.1725,0.1715,0.0007,0.1337,5.4
chronological,ids2017,ids2018,xgboost,transfer,5,0.1712,0.0001,0.1711,0.1713,0.1712,0.0001,0.1337,5.2
chronological,ids2018,ids2017,catboost,transfer,5,0.2226,0.0041,0.2181,0.229,0.2597,0.0048,0.1294,15.9
chronological,ids2018,ids2017,lightgbm,transfer,5,0.448,0.0079,0.4396,0.4575,0.5226,0.0093,0.1294,52.8
chronological,ids2018,ids2017,logistic_regression,transfer,5,0.3493,0.0,0.3493,0.3493,0.4075,0.0,0.1294,79.8
chronological,ids2018,ids2017,mlp,transfer,5,0.3107,0.0248,0.2936,0.3535,0.3624,0.0289,0.1294,39.7
chronological,ids2018,ids2017,random_forest,transfer,5,0.168,0.0007,0.1672,0.1689,0.196,0.0008,0.1294,7.2
chronological,ids2018,ids2017,stacking,transfer,5,0.3674,0.0386,0.3312,0.4188,0.4286,0.0451,0.1294,40.2
chronological,ids2018,ids2017,xgboost,transfer,5,0.3615,0.0182,0.3427,0.3831,0.4217,0.0212,0.1294,39.5
chronological,ids2018,ids2018,catboost,ceiling,5,0.848,0.0036,0.846,0.8543,0.848,0.0036,0.1337,
chronological,ids2018,ids2018,lightgbm,ceiling,5,0.8596,0.0006,0.8587,0.8603,0.8596,0.0006,0.1337,
chronological,ids2018,ids2018,logistic_regression,ceiling,5,0.7511,0.0,0.7511,0.7511,0.7511,0.0,0.1337,
chronological,ids2018,ids2018,mlp,ceiling,5,0.8228,0.0115,0.8099,0.8415,0.8228,0.0115,0.1337,
chronological,ids2018,ids2018,random_forest,ceiling,5,0.8412,0.0018,0.8397,0.844,0.8412,0.0018,0.1337,
chronological,ids2018,ids2018,stacking,ceiling,5,0.8283,0.0021,0.8248,0.8301,0.8283,0.0021,0.1337,
chronological,ids2018,ids2018,xgboost,ceiling,5,0.8539,0.0026,0.8517,0.8572,0.8539,0.0026,0.1337,
random,ids2017,ids2017,catboost,ceiling,5,0.9694,0.0108,0.9572,0.9869,0.9921,0.0009,0.1294,
random,ids2017,ids2017,lightgbm,ceiling,5,0.9775,0.0117,0.9654,0.9931,0.991,0.0012,0.1294,
random,ids2017,ids2017,logistic_regression,ceiling,5,0.6107,0.0158,0.5849,0.6245,0.6623,0.0039,0.1294,
random,ids2017,ids2017,mlp,ceiling,5,0.8744,0.0127,0.8623,0.8933,0.9143,0.003,0.1294,
random,ids2017,ids2017,random_forest,ceiling,5,0.9566,0.0209,0.9246,0.9816,0.9855,0.0014,0.1294,
random,ids2017,ids2017,stacking,ceiling,5,0.9745,0.0096,0.9646,0.9845,0.9893,0.0009,0.1294,
random,ids2017,ids2017,xgboost,ceiling,5,0.9716,0.0171,0.9448,0.9857,0.9911,0.0011,0.1294,
random,ids2017,ids2018,catboost,transfer,5,0.1728,0.005,0.1663,0.1775,0.1728,0.005,0.1337,5.4
random,ids2017,ids2018,lightgbm,transfer,5,0.3018,0.0312,0.269,0.3531,0.3018,0.0312,0.1337,22.8
random,ids2017,ids2018,logistic_regression,transfer,5,0.138,0.0007,0.1371,0.1389,0.138,0.0007,0.1337,0.7
random,ids2017,ids2018,mlp,transfer,5,0.1748,0.0354,0.1476,0.2351,0.1748,0.0354,0.1337,6.0
random,ids2017,ids2018,random_forest,transfer,5,0.1718,0.0095,0.1588,0.1835,0.1718,0.0095,0.1337,5.2
random,ids2017,ids2018,stacking,transfer,5,0.2841,0.0106,0.266,0.2929,0.2841,0.0106,0.1337,21.3
random,ids2017,ids2018,xgboost,transfer,5,0.2731,0.0649,0.1649,0.3354,0.2731,0.0649,0.1337,19.0
random,ids2018,ids2017,catboost,transfer,5,0.2327,0.0204,0.2054,0.2524,0.2715,0.0239,0.1294,12.3
random,ids2018,ids2017,lightgbm,transfer,5,0.2924,0.0594,0.2305,0.3744,0.3411,0.0693,0.1294,19.2
random,ids2018,ids2017,logistic_regression,transfer,5,0.2544,0.0265,0.2073,0.2702,0.2968,0.0309,0.1294,26.0
random,ids2018,ids2017,mlp,transfer,5,0.228,0.0168,0.2121,0.2471,0.266,0.0196,0.1294,13.2
random,ids2018,ids2017,random_forest,transfer,5,0.1508,0.0013,0.149,0.1525,0.1759,0.0015,0.1294,2.6
random,ids2018,ids2017,stacking,transfer,5,0.3071,0.036,0.2738,0.3673,0.3583,0.042,0.1294,21.0
random,ids2018,ids2017,xgboost,transfer,5,0.2661,0.0241,0.2283,0.2914,0.3105,0.0281,0.1294,16.2
random,ids2018,ids2018,catboost,ceiling,5,0.859,0.0016,0.8574,0.8614,0.859,0.0016,0.1337,
random,ids2018,ids2018,lightgbm,ceiling,5,0.8696,0.005,0.8612,0.8731,0.8696,0.005,0.1337,
random,ids2018,ids2018,logistic_regression,ceiling,5,0.7775,0.0088,0.7649,0.7848,0.7775,0.0088,0.1337,
random,ids2018,ids2018,mlp,ceiling,5,0.8206,0.0127,0.8083,0.8354,0.8206,0.0127,0.1337,
random,ids2018,ids2018,random_forest,ceiling,5,0.8624,0.0046,0.8565,0.8666,0.8624,0.0046,0.1337,
random,ids2018,ids2018,stacking,ceiling,5,0.8388,0.003,0.8353,0.8426,0.8388,0.003,0.1337,
random,ids2018,ids2018,xgboost,ceiling,5,0.8674,0.0022,0.8645,0.8705,0.8674,0.0022,0.1337,
