set,class,draws,G,q95,q_decision,p,q_decision_lo,q_decision_hi,G_needed_minus_G
consensus,DDoS,200000,-0.021,0.1826,0.233,0.5806,0.2316,0.2343,0.254
consensus,DoS,200000,0.0663,0.2019,0.2572,0.3057,0.2555,0.259,0.1909
consensus,Web Attack,200000,-0.0122,0.2392,0.2931,0.5898,0.2917,0.2944,0.3053
shap,DDoS,200000,0.1385,0.2216,0.2777,0.1588,0.2761,0.2795,0.1392
shap,DoS,200000,0.1348,0.2476,0.3126,0.1951,0.3109,0.3145,0.1778
shap,Web Attack,200000,-0.0543,0.3261,0.3949,0.6011,0.3931,0.3966,0.4492
perm,DDoS,200000,-0.0759,0.2035,0.2562,0.7282,0.2549,0.2575,0.3321
perm,DoS,200000,0.0541,0.2271,0.2885,0.3601,0.2868,0.2899,0.2344
perm,Web Attack,200000,-0.0984,0.2805,0.3394,0.698,0.3379,0.341,0.4378
